<XMLLevel CollectableMonster="" HideCallout="4" LettersGroup="3" SegmentTime="10" StoneType="1" monsterInputType="LetterInWord">
  <Segments>
    <Segment SegmentTime="10" spawnIds="">
      
	  <MonsterRequiredLetters>
		<string>i</string>
	  </MonsterRequiredLetters>
	  <MonsterAllLetters>
		<string>X</string>
		<string>c</string>
		<string>r</string>
	  <string>a</string></MonsterAllLetters>
	  <Stones>
        <string spawnId="2">c</string>
        <string spawnId="86">c</string>
        <string spawnId="89">c</string>
		<string spawnId="55">d</string>
		<string spawnId="54">c</string>
        <string spawnId="3">k</string>
		<string spawnId="87">s</string>
		<string spawnId="90">i</string>
      </Stones>
    </Segment>
	<Segment SegmentTime="10" spawnIds="">
      
	  <MonsterRequiredLetters>
		<string>i</string>
	  </MonsterRequiredLetters>
	  <MonsterAllLetters>
		<string>X</string>
		<string>k</string>
		<string>r</string>
	  <string>a</string><string>m</string></MonsterAllLetters>
	  <Stones>
        <string spawnId="90">k</string>
        <string spawnId="87">s</string>
        <string spawnId="3">d</string>
		<string spawnId="54">s</string>
		<string spawnId="55">k</string>
        <string spawnId="89">k</string>
		<string spawnId="86">d</string>
		<string spawnId="2">i</string>
      </Stones>
    </Segment>
	<Segment SegmentTime="10" spawnIds="">
      
	  <MonsterRequiredLetters>
		<string>k</string>
	  </MonsterRequiredLetters>
	  <MonsterAllLetters>
		<string>X</string>
		<string>i</string>
		<string>b</string>
	  <string>a</string><string>r</string></MonsterAllLetters>
	  <Stones>
        <string spawnId="81">c</string>
        <string spawnId="3">c</string>
        <string spawnId="8">i</string>
		<string spawnId="90">d</string>
		<string spawnId="89">i</string>
        <string spawnId="9">c</string>
		<string spawnId="2">s</string>
		<string spawnId="84">k</string>
      </Stones>
    </Segment>
	<Segment SegmentTime="10" spawnIds="">
      
	  <MonsterRequiredLetters>
		<string>c</string>
	  </MonsterRequiredLetters>
	  <MonsterAllLetters>
		<string>X</string>
		<string>i</string>
		<string>m</string>
	  <string>n</string><string>a</string><string>s</string><string>t</string><string>i</string><string>k</string></MonsterAllLetters>
	  <Stones>
        <string spawnId="58">s</string>
        <string spawnId="62">s</string>
        <string delayIn="0" delayRepet="0" loop="true" spawnId="45,36,45" speed="150">i</string>
		<string spawnId="1">k</string>
		<string delayIn="0" delayRepet="0" loop="true" spawnId="93,94,93" speed="150">s</string>
		<string spawnId="0">d</string>
		<string spawnId="13">s</string>
		<string spawnId="12">d</string>
		<string spawnId="27">c</string>
		<string bonusScore="275" spawnId="26">BonusLetter</string>
      </Stones>
    </Segment>
	<Segment SegmentTime="10" spawnIds="">
      
	  <MonsterRequiredLetters>
		<string>k</string>
	  </MonsterRequiredLetters>
	  <MonsterAllLetters>
		<string>X</string>
		<string>i</string>
		<string>b</string>
	  <string>a</string><string>r</string></MonsterAllLetters>
	  <Stones>
        <string spawnId="84">c</string>
        <string spawnId="2">c</string>
        <string spawnId="9">d</string>
		<string spawnId="89">s</string>
		<string spawnId="90">c</string>
		<string spawnId="8">d</string>
		<string spawnId="3">c</string>
		<string spawnId="81">k</string>
      </Stones>
    </Segment>
  </Segments>
</XMLLevel>