<XMLLevel CollectableMonster="" HideCallout="5" LettersGroup="3" SegmentTime="10" StoneType="1" monsterInputType="Letter">
  <Segments>
    <Segment SegmentTime="10" spawnIds="">
    	
    	<MonsterRequiredLetters>
    		<string>d</string>
    	</MonsterRequiredLetters>
    	<MonsterAllLetters>
    	</MonsterAllLetters>
    	<Stones>
    		<string spawnId="54">i</string>
    		<string spawnId="62">c</string>
			<string spawnId="55">s</string>
			<string spawnId="58">c</string>
			<string spawnId="4">i</string>
			<string spawnId="5">d</string>
    	</Stones>
	</Segment>
	<Segment SegmentTime="10" spawnIds="54,62,55,58,4,5">
		
		<MonsterRequiredLetters>
			<string>i</string>
		</MonsterRequiredLetters>
	  	<MonsterAllLetters>
	  	</MonsterAllLetters>
	  	<Stones>
        	<string>c</string>
        	<string>c</string>
			<string>c</string>
			<string>k</string>
			<string>k</string>
			<string>i</string>
      	</Stones>
    </Segment>
	<Segment SegmentTime="10" spawnIds="">
		
      	<MonsterRequiredLetters>
			<string>c</string>
	  	</MonsterRequiredLetters>
	  	<MonsterAllLetters>
	  	</MonsterAllLetters>
	  	<Stones>
			<string spawnId="11">i</string>
	        <string spawnId="90">k</string>
			<string spawnId="8">d</string>
			<string spawnId="9">i</string>
			<string spawnId="12">d</string>
			<string spawnId="89">c</string>
      	</Stones>
	</Segment>
	<Segment SegmentTime="10" spawnIds="11,90,8,9,12,89">
		
      	<MonsterRequiredLetters>
			<string>d</string>
	  	</MonsterRequiredLetters>
	  	<MonsterAllLetters>
	  	</MonsterAllLetters>
	  	<Stones>
	        <string>i</string>
	        <string>i</string>
			<string>k</string>
			<string>s</string>
			<string>c</string>
			<string>d</string>
      	</Stones>
    </Segment>
	<Segment SegmentTime="10" spawnIds="">
		
      	<MonsterRequiredLetters>
			<string>s</string>
	  	</MonsterRequiredLetters>
	  	<MonsterAllLetters>
	  	</MonsterAllLetters>
	  	<Stones>
			<string spawnId="59">i</string>
			<string spawnId="61">c</string>
			<string spawnId="55">d</string>
			<string spawnId="54">s</string>
			<string bonusScore="300" delayIn="1" delayRepet="0" loop="false" spawnId="42,51" speed="150">BonusLetter</string>
      	</Stones>
	</Segment>
  </Segments>
</XMLLevel>