<XMLLevel CollectableMonster="" HideCallout="-1" LettersGroup="2" SegmentTime="13" StoneType="1" monsterInputType="Word">
	<Segments>
		<Segment SegmentTime="13" spawnIds="">
			
			<MonsterRequiredLetters>
				<string>o</string>
				<string>j</string>
				<string>e</string>
			</MonsterRequiredLetters>
			<MonsterAllLetters>
			</MonsterAllLetters>
			<Stones>
				<string spawnId="74">y</string>
				<string spawnId="56">o</string>
				<string spawnId="57">j</string>
				<string spawnId="75">e</string>
				<string bonusScore="275" spawnId="60">BonusLetter</string>
			</Stones>
    </Segment>
	<Segment SegmentTime="13" spawnIds="">
		
		<MonsterRequiredLetters>
			<string>j</string>
			<string>o</string>
			<string>k</string>
		<string>e</string><string>r</string></MonsterRequiredLetters>
		<MonsterAllLetters>
		</MonsterAllLetters>
		<Stones>
			<string spawnId="74">j</string>
			<string spawnId="56">o</string>
			<string spawnId="57">k</string>
			<string spawnId="75">e</string>
			<string spawnId="60">MagnetLetter</string>
		</Stones>
    </Segment>
	<Segment SegmentTime="13" spawnIds="">
		
		<MonsterRequiredLetters>
			<string>o</string>
			<string>j</string>
			<string>e</string>
		</MonsterRequiredLetters>
		<MonsterAllLetters>
		</MonsterAllLetters>
		<Stones>
			<string spawnId="75">y</string>
			<string spawnId="57">o</string>
			<string spawnId="56">j</string>
			<string spawnId="74">e</string>
			<string bonusScore="275" spawnId="60">BonusLetter</string>
		</Stones>
    </Segment>
	<Segment SegmentTime="13" spawnIds="">
		
		<MonsterRequiredLetters>
			<string>ç</string>
			<string>o</string>
			<string>c</string>
		<string>u</string><string>k</string></MonsterRequiredLetters>
		<MonsterAllLetters>
		</MonsterAllLetters>
		<Stones>
			<string spawnId="75">ç</string>
			<string spawnId="57">o</string>
			<string spawnId="56">c</string>
			<string spawnId="74">u</string>
			<string spawnId="60">MagnetLetter</string>
		</Stones>
	</Segment>
	<Segment SegmentTime="13" spawnIds="">
		
		<MonsterRequiredLetters>
			<string>j</string>
			<string>o</string>
			<string>k</string>
		<string>e</string><string>r</string></MonsterRequiredLetters>
		<MonsterAllLetters>
		</MonsterAllLetters>
		<Stones>
			<string spawnId="69">j</string>
			<string spawnId="82">o</string>
			<string spawnId="83">k</string>
			<string spawnId="72">e</string>
			<string spawnId="54">MagnetLetter</string>
			<string bonusScore="275" spawnId="55">BonusLetter</string>
		</Stones>
    </Segment>
  </Segments>
</XMLLevel>