<XMLLevel CollectableMonster="" HideCallout="1" LettersGroup="5" SegmentTime="9" StoneType="1" monsterInputType="Letter">
  <Segments>
    <Segment SegmentTime="9" spawnIds="">
    	
    	<MonsterRequiredLetters>
    		<string>t</string>
    	</MonsterRequiredLetters>
    	<MonsterAllLetters>
    	</MonsterAllLetters>
    	<Stones>
    		<string spawnId="58">ç</string>
    		<string spawnId="3">o</string>
    		<string spawnId="62">o</string>
    		<string spawnId="4">ş</string>
			<string spawnId="57">j</string>
			<string spawnId="91">o</string>
			<string spawnId="92">j</string>
			<string spawnId="2">j</string>
			<string spawnId="56">t</string>
			<string bonusScore="275" spawnId="5">BonusLetter</string>
    	</Stones>
	</Segment>
	<Segment SegmentTime="9" spawnIds="67,74,82,71,70,83,75,66,60">
		
		<MonsterRequiredLetters>
			<string>o</string>
		</MonsterRequiredLetters>
	  	<MonsterAllLetters>
	  	</MonsterAllLetters>
	  	<Stones>
        	<string>ş</string>
        	<string>ş</string>
			<string>j</string>
			<string>ç</string>
			<string>t</string>
			<string>ş</string>
			<string>ş</string>
			<string>t</string>
			<string>o</string>
      	</Stones>
    </Segment>
	<Segment SegmentTime="9" spawnIds="">
		
      	<MonsterRequiredLetters>
			<string>ş</string>
	  	</MonsterRequiredLetters>
	  	<MonsterAllLetters>
	  	</MonsterAllLetters>
	  	<Stones>
			<string spawnId="5">t</string>
	        <string spawnId="56">ç</string>
	        <string spawnId="2">t</string>
			<string spawnId="92">ç</string>
			<string spawnId="91">o</string>
			<string spawnId="57">ç</string>
			<string spawnId="4">j</string>
			<string spawnId="62">ç</string>
			<string spawnId="3">ş</string>
			<string bonusScore="275" spawnId="58">BonusLetter</string>
      	</Stones>
	</Segment>
	<Segment SegmentTime="9" spawnIds="67,74,82,71,70,83,75,66,60">
		
      	<MonsterRequiredLetters>
			<string>t</string>
	  	</MonsterRequiredLetters>
	  	<MonsterAllLetters>
	  	</MonsterAllLetters>
	  	<Stones>
	        <string>ç</string>
	        <string>o</string>
			<string>j</string>
	        <string>o</string>
			<string>j</string>
			<string>j</string>
			<string>ç</string>
			<string>j</string>
			<string>t</string>
      	</Stones>
    </Segment>
	<Segment SegmentTime="9" spawnIds="58,3,62,4,57,91,92,2,56,5">
		
      	<MonsterRequiredLetters>
			<string>t</string>
	  	</MonsterRequiredLetters>
	  	<MonsterAllLetters>
	  	</MonsterAllLetters>
	  	<Stones>
	        <string>ş</string>
	        <string>ç</string>
	        <string>ş</string>
			<string>j</string>
			<string>o</string>
			<string>ş</string>
			<string>ş</string>
			<string>t</string>
      	</Stones>
	</Segment>
  </Segments>
</XMLLevel>