<XMLLevel CollectableMonster="" HideCallout="1" LettersGroup="6" SegmentTime="9" StoneType="1" monsterInputType="SoundLetter">
  <Segments>
    <Segment SegmentTime="9" spawnIds="22,91,3,90,60,2,89,92,21">
    	
    	<MonsterRequiredLetters>
    		<string>ş</string>
    	</MonsterRequiredLetters>
    	<MonsterAllLetters>
    	</MonsterAllLetters>
    	<Stones>
    		<string>j</string>
    		<string>j</string>
			<string>o</string>
    		<string>j</string>
			<string>j</string>
			<string>t</string>
			<string>o</string>
			<string>o</string>
			<string>ş</string>
    	</Stones>
	</Segment>
	<Segment SegmentTime="9" spawnIds="22,91,3,90,60,2,89,92,21">
		
		<MonsterRequiredLetters>
			<string>ş</string>
		</MonsterRequiredLetters>
	  	<MonsterAllLetters>
	  	</MonsterAllLetters>
	  	<Stones>
        	<string>t</string>
        	<string>o</string>
			<string>t</string>
        	<string>ç</string>
			<string>j</string>
			<string>o</string>
			<string>ç</string>
			<string>o</string>
			<string>ş</string>
      	</Stones>
    </Segment>
	<Segment SegmentTime="9" spawnIds="22,91,3,90,60,2,89,92,21">
		
      	<MonsterRequiredLetters>
			<string>t</string>
	  	</MonsterRequiredLetters>
	  	<MonsterAllLetters>
	  	</MonsterAllLetters>
	  	<Stones>
			<string>ş</string>
	        <string>ş</string>
			<string>ç</string>
	        <string>j</string>
			<string>ç</string>
			<string>j</string>
			<string>j</string>
			<string>j</string>
			<string>t</string>
      	</Stones>
	</Segment>
	<Segment SegmentTime="9" spawnIds="22,91,3,90,60,2,89,92,21">
		
      	<MonsterRequiredLetters>
			<string>ş</string>
	  	</MonsterRequiredLetters>
	  	<MonsterAllLetters>
	  	</MonsterAllLetters>
	  	<Stones>
	        <string>t</string>
	        <string>j</string>
			<string>ç</string>
	        <string>ç</string>
			<string>ç</string>
			<string>j</string>
			<string>ç</string>
			<string>o</string>
			<string>ş</string>
      	</Stones>
    </Segment>
	<Segment SegmentTime="9" spawnIds="22,91,3,90,60,2,89,92,21">
		
      	<MonsterRequiredLetters>
			<string>ş</string>
	  	</MonsterRequiredLetters>
	  	<MonsterAllLetters>
	  	</MonsterAllLetters>
	  	<Stones>
	        <string>t</string>
	        <string>j</string>
			<string>j</string>
	        <string>ç</string>
			<string>o</string>
			<string>ç</string>
			<string>t</string>
			<string>t</string>
			<string>ş</string>
      	</Stones>
	</Segment>
  </Segments>
</XMLLevel>