<XMLLevel CollectableMonster="" HideCallout="1" LettersGroup="5" SegmentTime="9" StoneType="1" monsterInputType="SoundLetter">
  <Segments>
    <Segment SegmentTime="9" spawnIds="">
    	
    	<MonsterRequiredLetters>
    		<string>o</string>
    	</MonsterRequiredLetters>
    	<MonsterAllLetters>
    	</MonsterAllLetters>
    	<Stones>
    		<string spawnId="67">ç</string>
    		<string spawnId="74">t</string>
			<string spawnId="82">t</string>
    		<string spawnId="71">ş</string>
			<string spawnId="70">ş</string>
			<string spawnId="83">ç</string>
			<string spawnId="75">ş</string>
			<string spawnId="66">t</string>
			<string spawnId="60">o</string>
    	</Stones>
	</Segment>
	<Segment SegmentTime="9" spawnIds="64,45,94,62,63,36,93,58">
		
		<MonsterRequiredLetters>
			<string>t</string>
		</MonsterRequiredLetters>
	  	<MonsterAllLetters>
	  	</MonsterAllLetters>
	  	<Stones>
        	<string>ç</string>
        	<string>ş</string>
        	<string>j</string>
			<string>ç</string>
			<string>j</string>
			<string>o</string>
			<string>o</string>
			<string>t</string>
      	</Stones>
    </Segment>
	<Segment SegmentTime="9" spawnIds="67,74,82,71,70,83,75,66,60">
		
      	<MonsterRequiredLetters>
			<string>j</string>
	  	</MonsterRequiredLetters>
	  	<MonsterAllLetters>
	  	</MonsterAllLetters>
	  	<Stones>
			<string>ş</string>
	        <string>t</string>
			<string>ç</string>
			<string>ç</string>
			<string>t</string>
			<string>t</string>
			<string>o</string>
			<string>o</string>
			<string>j</string>
      	</Stones>
	</Segment>
	<Segment SegmentTime="9" spawnIds="64,45,94,62,63,36,93,58">
		
      	<MonsterRequiredLetters>
			<string>o</string>
	  	</MonsterRequiredLetters>
	  	<MonsterAllLetters>
	  	</MonsterAllLetters>
	  	<Stones>
	        <string>j</string>
	        <string>ç</string>
	        <string>ş</string>
			<string>j</string>
			<string>ş</string>
			<string>ş</string>
			<string>t</string>
			<string>o</string>
      	</Stones>
    </Segment>
	<Segment SegmentTime="9" spawnIds="67,74,82,71,70,83,75,66,60">
		
      	<MonsterRequiredLetters>
			<string>o</string>
	  	</MonsterRequiredLetters>
	  	<MonsterAllLetters>
	  	</MonsterAllLetters>
	  	<Stones>
	        <string>j</string>
	        <string>ş</string>
			<string>ş</string>
	        <string>t</string>
			<string>ç</string>
			<string>t</string>
			<string>ş</string>
			<string>j</string>
			<string>o</string>
      	</Stones>
	</Segment>
  </Segments>
</XMLLevel>