<XMLLevel CollectableMonster="" HideCallout="-1" LettersGroup="2" SegmentTime="11" StoneType="1" monsterInputType="SoundLetter">
  <Segments>
    <Segment SegmentTime="11" spawnIds="">
    	
    	<MonsterRequiredLetters>
    		<string>e</string>
    	</MonsterRequiredLetters>
    	<MonsterAllLetters>
    	</MonsterAllLetters>
    	<Stones>
    		<string spawnId="89">f</string>
    		<string spawnId="80">f</string>
    		<string spawnId="90">v</string>
			<string spawnId="77">e</string>
    	</Stones>
	</Segment>
	<Segment SegmentTime="11" spawnIds="">
		
		<MonsterRequiredLetters>
			<string>f</string>
		</MonsterRequiredLetters>
	  	<MonsterAllLetters>
	  	</MonsterAllLetters>
	  	<Stones>
        	<string spawnId="76">g</string>
        	<string spawnId="73">y</string>
        	<string spawnId="71">y</string>
			<string spawnId="79">f</string>
			<string bonusScore="100" spawnId="70">BonusLetter</string>
			<string bonusScore="100" spawnId="78">BonusLetter</string>
      	</Stones>
    </Segment>
	<Segment SegmentTime="11" spawnIds="">
		
      	<MonsterRequiredLetters>
			<string>v</string>
	  	</MonsterRequiredLetters>
	  	<MonsterAllLetters>
	  	</MonsterAllLetters>
	  	<Stones>
			<string spawnId="76">e</string>
	        <string spawnId="73">g</string>
	        <string spawnId="7">g</string>
			<string spawnId="9">v</string>
			<string spawnId="6">FireWrongLetter</string>
			<string spawnId="8">FireWrongLetter</string>
      	</Stones>
	</Segment>
	<Segment SegmentTime="11" spawnIds="5,4,78,79">
		
      	<MonsterRequiredLetters>
			<string>e</string>
	  	</MonsterRequiredLetters>
	  	<MonsterAllLetters>
	  	</MonsterAllLetters>
	  	<Stones>
	        <string>g</string>
	        <string>y</string>
	        <string>y</string>
			<string>e</string>
      	</Stones>
    </Segment>
	<Segment SegmentTime="11" spawnIds="">
		
      	<MonsterRequiredLetters>
			<string>y</string>
	  	</MonsterRequiredLetters>
	  	<MonsterAllLetters>
	  	</MonsterAllLetters>
	  	<Stones>
	        <string spawnId="0">v</string>
	        <string spawnId="57">f</string>
	        <string spawnId="56">g</string>
			<string spawnId="1">y</string>
			
      	</Stones>
	</Segment>
  </Segments>
</XMLLevel>