<XMLLevel CollectableMonster="" HideCallout="4" LettersGroup="3" SegmentTime="10" StoneType="1" monsterInputType="LetterInWord">
  <Segments>
    <Segment SegmentTime="10" spawnIds="">
      
	  <MonsterRequiredLetters>
		<string>s</string>
	  </MonsterRequiredLetters>
	  <MonsterAllLetters>
		<string>X</string>
		<string>i</string>
		<string>n</string>
	  <string>e</string><string>m</string><string>a</string></MonsterAllLetters>
	  <Stones>
        <string spawnId="86">k</string>
        <string spawnId="68">k</string>
        <string spawnId="65">c</string>
		<string spawnId="87">d</string>
		<string spawnId="93">c</string>
		<string spawnId="36">c</string>
		<string spawnId="84">d</string>
		<string spawnId="45">s</string>
      </Stones>
    </Segment>
	<Segment SegmentTime="10" spawnIds="">
      
	  <MonsterRequiredLetters>
		<string>d</string>
	  </MonsterRequiredLetters>
	  <MonsterAllLetters>
		<string>X</string>
		<string>i</string>
		<string>k</string>
	  <string>e</string><string>n</string></MonsterAllLetters>
	  <Stones>
        <string spawnId="18">i</string>
        <string spawnId="72">k</string>
        <string delayIn="0" delayRepet="0" loop="true" spawnId="11,86,11" speed="150">c</string>
		<string spawnId="81">k</string>
		<string delayIn="0" delayRepet="0" loop="true" spawnId="87,12,87" speed="150">k</string>
		<string spawnId="84">s</string>
		<string spawnId="19">d</string>
		<string bonusScore="275" spawnId="69">BonusLetter</string>
      </Stones>
    </Segment>
	<Segment SegmentTime="10" spawnIds="86,68,65,87,93,36,84,45">
      
	  <MonsterRequiredLetters>
		<string>s</string>
	  </MonsterRequiredLetters>
	  <MonsterAllLetters>
		<string>X</string>
		<string>i</string>
		<string>n</string>
	  <string>e</string><string>m</string><string>a</string></MonsterAllLetters>
	  <Stones>
        <string>i</string>
        <string>k</string>
        <string>k</string>
		<string>d</string>
		<string>i</string>
		<string>c</string>
		<string>d</string>
		<string>s</string>
      </Stones>
    </Segment>
	<Segment SegmentTime="10" spawnIds="86,68,65,87,93,36,84,45">
      
	  <MonsterRequiredLetters>
		<string>d</string>
	  </MonsterRequiredLetters>
	  <MonsterAllLetters>
		<string>X</string>
		<string>i</string>
		<string>k</string>
	  <string>e</string><string>n</string></MonsterAllLetters>
	  <Stones>
        <string>k</string>
        <string>i</string>
        <string>s</string>
		<string>k</string>
		<string>i</string>
		<string>c</string>
		<string>k</string>
		<string>d</string>
      </Stones>
    </Segment>
	<Segment SegmentTime="10" spawnIds="">
      
	  <MonsterRequiredLetters>
		<string>i</string>
	  </MonsterRequiredLetters>
	  <MonsterAllLetters>
		<string>X</string>
		<string>c</string>
		<string>r</string>
	  <string>a</string></MonsterAllLetters>
	  <Stones>
        <string spawnId="24">c</string>
        <string spawnId="29">c</string>
        <string delayIn="0" delayRepet="0" loop="true" spawnId="45,36,45" speed="150">k</string>
		<string spawnId="66">k</string>
		<string delayIn="0" delayRepet="0" loop="true" spawnId="93,94,93" speed="150">c</string>
		<string spawnId="67">d</string>
		<string spawnId="61">i</string>
		<string bonusScore="275" spawnId="59">BonusLetter</string>
      </Stones>
    </Segment>
  </Segments>
</XMLLevel>