<XMLLevel CollectableMonster="" HideCallout="1" LettersGroup="6" SegmentTime="9" StoneType="1" monsterInputType="LetterInWord">
  <Segments>
    <Segment SegmentTime="9" spawnIds="">
      
	  <MonsterRequiredLetters>
		<string>ç</string>
	  </MonsterRequiredLetters>
	  <MonsterAllLetters>
		<string>X</string>
		<string>o</string>
		<string>c</string>
		<string>u</string>
		<string>k</string>
	  </MonsterAllLetters>
	  <Stones>
        <string spawnId="68">ş</string>
        <string spawnId="83">o</string>
        <string spawnId="92">ş</string>
		<string spawnId="91">t</string>
		<string spawnId="82">t</string>
        <string spawnId="93">ş</string>
		<string spawnId="94">t</string>
		<string spawnId="65">j</string>
		<string spawnId="69">t</string>
		<string spawnId="72">ç</string>
      </Stones>
    </Segment>
	<Segment SegmentTime="9" spawnIds="">
      
	  <MonsterRequiredLetters>
		<string>o</string>
	  </MonsterRequiredLetters>
	  <MonsterAllLetters>
		<string>X</string>
		<string>j</string>
		<string>e</string>
	  </MonsterAllLetters>
	  <Stones>
        <string spawnId="65">t</string>
        <string spawnId="82">ç</string>
        <string spawnId="91">t</string>
		<string spawnId="92">j</string>
		<string spawnId="83">j</string>
        <string spawnId="94">t</string>
		<string spawnId="93">ş</string>
		<string spawnId="68">ş</string>
		<string spawnId="72">ş</string>
		<string spawnId="69">o</string>
      </Stones>
    </Segment>
	<Segment SegmentTime="9" spawnIds="">
      
	  <MonsterRequiredLetters>
		<string>j</string>
	  </MonsterRequiredLetters>
	  <MonsterAllLetters>
		<string>X</string>
		<string>o</string>
		<string>k</string>
		<string>e</string>
	  <string>r</string></MonsterAllLetters>
	  <Stones>
        <string spawnId="88">ç</string>
        <string spawnId="93">ş</string>
        <string spawnId="67">ş</string>
		<string spawnId="85">o</string>
		<string spawnId="45">ç</string>
        <string spawnId="66">ç</string>
		<string spawnId="59">ş</string>
		<string spawnId="94">ç</string>
		<string spawnId="36">t</string>
		<string spawnId="61">j</string>
      </Stones>
    </Segment>
	<Segment SegmentTime="9" spawnIds="">
      
	  <MonsterRequiredLetters>
		<string>o</string>
	  </MonsterRequiredLetters>
	  <MonsterAllLetters>
		<string>X</string>
		<string>t</string>
		<string>ç</string>
		<string>u</string>
	  <string>l</string><string> </string></MonsterAllLetters>
	  <Stones>
        <string spawnId="85">ş</string>
        <string spawnId="94">ş</string>
        <string spawnId="66">ş</string>
		<string spawnId="88">ç</string>
		<string spawnId="36">ç</string>
		<string spawnId="67">ç</string>
		<string spawnId="61">ş</string>
		<string spawnId="93">j</string>
		<string spawnId="45">t</string>
		<string spawnId="59">o</string>
      </Stones>
    </Segment>
	<Segment SegmentTime="9" spawnIds="">
      
	  <MonsterRequiredLetters>
		<string>j</string>
	  </MonsterRequiredLetters>
	  <MonsterAllLetters>
		<string>X</string>
		<string>o</string>
		<string>k</string>
		<string>e</string>
		<string>r</string>
	  </MonsterAllLetters>
	  <Stones>
        <string spawnId="85">ç</string>
        <string spawnId="94">o</string>
        <string spawnId="66">ş</string>
		<string spawnId="88">t</string>
		<string spawnId="36">ş</string>
		<string spawnId="67">o</string>
		<string spawnId="61">ş</string>
		<string spawnId="93">ş</string>
		<string spawnId="45">o</string>
		<string spawnId="59">j</string>
      </Stones>
    </Segment>
  </Segments>
</XMLLevel>