<XMLLevel CollectableMonster="" HideCallout="-1" LettersGroup="1" SegmentTime="11" StoneType="1" monsterInputType="LetterInWord">
  <Segments>
    <Segment SegmentTime="11" spawnIds="19,22,27">
      
	  <MonsterRequiredLetters>
		<string>b</string>
	  </MonsterRequiredLetters>
	  <MonsterAllLetters>
		<string>X</string>
		<string>a</string>
		<string>b</string>
	  <string>a</string></MonsterAllLetters>
	  <Stones>
        <string>p</string>
        <string>m</string>
        <string>b</string>
      </Stones>
    </Segment>
	<Segment SegmentTime="11" spawnIds="">
      
	  <MonsterRequiredLetters>
		<string>m</string>
	  </MonsterRequiredLetters>
	  <MonsterAllLetters>
		<string>X</string>
		<string>a</string>
		<string>m</string>
	  <string>a</string></MonsterAllLetters>
	  <Stones>
        <string spawnId="18">h</string>
        <string spawnId="21">p</string>
        <string spawnId="26">m</string>
      </Stones>
    </Segment>
	<Segment SegmentTime="11" spawnIds="89,54,95">
      
	  <MonsterRequiredLetters>
		<string>p</string>
	  </MonsterRequiredLetters>
	  <MonsterAllLetters>
		<string>X</string>
		<string>a</string>
		<string>r</string>
	  <string>a</string></MonsterAllLetters>
	  <Stones>
        <string>a </string>
        <string>b</string>
        <string>p</string>
      </Stones>
    </Segment>
	<Segment SegmentTime="11" spawnIds="">
      
	  <MonsterRequiredLetters>
		<string>a</string>
	  </MonsterRequiredLetters>
	  <MonsterAllLetters>
		<string>X</string>
		<string>b</string>
		<string>a</string>
	  </MonsterAllLetters>
	  <Stones>
        <string spawnId="90">a </string>
        <string spawnId="55">b</string>
        <string spawnId="96">a</string>
      <string spawnId="22"> </string></Stones>
    </Segment>
	<Segment SegmentTime="11" spawnIds="61,59,93,94">
      
	  <MonsterRequiredLetters>
		<string>h</string>
	  </MonsterRequiredLetters>
	  <MonsterAllLetters>
		<string>X</string>
		<string>a</string>
		<string>l</string>
	  <string>ı</string></MonsterAllLetters>
	  <Stones>
        <string>p</string>
        <string>m</string>
        <string>h</string>
		<string bonusScore="150">BonusLetter</string>
      </Stones>
    </Segment>
  </Segments>
</XMLLevel>