<XMLLevel CollectableMonster="" HideCallout="1" LettersGroup="6" SegmentTime="9" StoneType="1" monsterInputType="Letter">
  <Segments>
    <Segment SegmentTime="9" spawnIds="">
    	
    	<MonsterRequiredLetters>
    		<string>j</string>
    	</MonsterRequiredLetters>
    	<MonsterAllLetters>
    	</MonsterAllLetters>
    	<Stones>
    		<string spawnId="57">ç</string>
    		<string spawnId="4">ş</string>
    		<string spawnId="88">t</string>
			<string spawnId="5">t</string>
			<string spawnId="56">ç</string>
			<string spawnId="74">ş</string>
			<string spawnId="75">ç</string>
			<string spawnId="85">ş</string>
			<string spawnId="10">ç</string>
			<string spawnId="13">j</string>
    	</Stones>
	</Segment>
	<Segment SegmentTime="9" spawnIds="">
		
		<MonsterRequiredLetters>
			<string>ç</string>
		</MonsterRequiredLetters>
	  	<MonsterAllLetters>
	  	</MonsterAllLetters>
	  	<Stones>
        	<string spawnId="92">j</string>
        	<string spawnId="58">j</string>
        	<string spawnId="2">ş</string>
			<string spawnId="94">j</string>
			<string spawnId="89">o</string>
			<string spawnId="3">ş</string>
			<string spawnId="91">t</string>
			<string spawnId="62">t</string>
			<string spawnId="90">ç</string>
			<string bonusScore="275" spawnId="93">BonusLetter</string>
      	</Stones>
    </Segment>
	<Segment SegmentTime="9" spawnIds="">
		
      	<MonsterRequiredLetters>
			<string>j</string>
	  	</MonsterRequiredLetters>
	  	<MonsterAllLetters>
	  	</MonsterAllLetters>
	  	<Stones>
			<string spawnId="57">ş</string>
	        <string spawnId="4">ş</string>
	        <string spawnId="88">ş</string>
			<string spawnId="5">t</string>
			<string spawnId="56">ş</string>
			<string spawnId="74">o</string>
			<string spawnId="75">o</string>
			<string spawnId="85">t</string>
			<string spawnId="10">ş</string>
			<string spawnId="13">j</string>
      	</Stones>
	</Segment>
	<Segment SegmentTime="9" spawnIds="">
		
      	<MonsterRequiredLetters>
			<string>ş</string>
	  	</MonsterRequiredLetters>
	  	<MonsterAllLetters>
	  	</MonsterAllLetters>
	  	<Stones>
	        <string spawnId="91">ç</string>
	        <string spawnId="62">ç</string>
	        <string spawnId="3">t</string>
			<string spawnId="93">j</string>
			<string spawnId="90">ç</string>
			<string spawnId="2">o</string>
			<string spawnId="92">j</string>
			<string spawnId="58">o</string>
			<string spawnId="89">ş</string>
			<string bonusScore="275" spawnId="94">BonusLetter</string>
      	</Stones>
    </Segment>
	<Segment SegmentTime="9" spawnIds="">
		
      	<MonsterRequiredLetters>
			<string>ç</string>
	  	</MonsterRequiredLetters>
	  	<MonsterAllLetters>
	  	</MonsterAllLetters>
	  	<Stones>
	        <string spawnId="24">ş</string>
	        <string spawnId="64">o</string>
	        <string spawnId="63">ş</string>
			<string spawnId="94">t</string>
			<string spawnId="29">j</string>
			<string spawnId="93">t</string>
			<string spawnId="16">j</string>
			<string spawnId="61">o</string>
			<string spawnId="17">j</string>
			<string spawnId="59">ç</string>
      	</Stones>
	</Segment>
  </Segments>
</XMLLevel>