<XMLLevel CollectableMonster="" HideCallout="1" LettersGroup="5" SegmentTime="9" StoneType="1" monsterInputType="LetterInWord">
  <Segments>
    <Segment SegmentTime="9" spawnIds="">
      
	  <MonsterRequiredLetters>
		<string>ç</string>
	  </MonsterRequiredLetters>
	  <MonsterAllLetters>
		<string>X</string>
		<string>o</string>
		<string>c</string>
	  <string>u</string><string>k</string></MonsterAllLetters>
	  <Stones>
        <string spawnId="55">t</string>
        <string spawnId="21">t</string>
        <string spawnId="85">o</string>
		<string spawnId="70">j</string>
		<string spawnId="60">j</string>
        <string spawnId="71">j</string>
		<string spawnId="88">j</string>
		<string spawnId="22">j</string>
		<string spawnId="54">ç</string>
      </Stones>
    </Segment>
	<Segment SegmentTime="9" spawnIds="55,21,85,70,60,71,88,22,54">
      
	  <MonsterRequiredLetters>
		<string>ç</string>
	  </MonsterRequiredLetters>
	  <MonsterAllLetters>
		<string>X</string>
		<string>o</string>
		<string>c</string>
	  <string>u</string><string>k</string></MonsterAllLetters>
	  <Stones>
        <string>j</string>
        <string>ş</string>
        <string>t</string>
		<string>j</string>
		<string>t</string>
        <string>ş</string>
		<string>j</string>
		<string>t</string>
		<string>ç</string>
      </Stones>
    </Segment>
	<Segment SegmentTime="9" spawnIds="">
      
	  <MonsterRequiredLetters>
		<string>j</string>
	  </MonsterRequiredLetters>
	  <MonsterAllLetters>
		<string>X</string>
		<string>o</string>
		<string>k</string>
	  <string>e</string><string>r</string></MonsterAllLetters>
	  <Stones>
        <string spawnId="27">o</string>
        <string spawnId="64">o</string>
        <string spawnId="7">o</string>
		<string spawnId="24">o</string>
		<string spawnId="93">o</string>
        <string spawnId="6">ç</string>
		<string spawnId="29">o</string>
		<string spawnId="94">o</string>
		<string spawnId="63">ş</string>
		<string spawnId="26">j</string>
      </Stones>
    </Segment>
	<Segment SegmentTime="9" spawnIds="55,21,85,70,60,71,88,22,54">
      
	  <MonsterRequiredLetters>
		<string>ç</string>
	  </MonsterRequiredLetters>
	  <MonsterAllLetters>
		<string>X</string>
		<string>o</string>
		<string>c</string>
		<string>u</string>
	  <string>k</string></MonsterAllLetters>
	  <Stones>
        <string>t</string>
        <string>j</string>
        <string>o</string>
		<string>o</string>
		<string>t</string>
		<string>j</string>
		<string>ş</string>
		<string>ş</string>
		<string>ç</string>
      </Stones>
    </Segment>
	<Segment SegmentTime="9" spawnIds="55,21,85,70,60,71,88,22,54">
      
	  <MonsterRequiredLetters>
		<string>ç</string>
	  </MonsterRequiredLetters>
	  <MonsterAllLetters>
		<string>X</string>
		<string>o</string>
		<string>c</string>
		<string>u</string>
	  <string>k</string></MonsterAllLetters>
	  <Stones>
        <string>o</string>
        <string>ş</string>
        <string>t</string>
		<string>o</string>
		<string>j</string>
		<string>j</string>
		<string>o</string>
		<string>j</string>
		<string>ç</string>
      </Stones>
    </Segment>
  </Segments>
</XMLLevel>