<XMLLevel CollectableMonster="" HideCallout="2" LettersGroup="4" SegmentTime="12" StoneType="1" monsterInputType="SoundWord">
	<Segments>
		<Segment SegmentTime="12" spawnIds="90,55,96,91,93">
			
			<MonsterRequiredLetters>
				<string>k</string>
				<string>o</string>
				<string>ç</string>
			</MonsterRequiredLetters>
			<MonsterAllLetters>
			</MonsterAllLetters>
			<Stones>
				<string>r</string>
				<string>l</string>
				<string>k</string>
				<string>o</string>
				<string>ç</string>
			</Stones>
    </Segment>
	<Segment SegmentTime="12" spawnIds="90,55,96,91,93">
		
		<MonsterRequiredLetters>
			<string>k</string>
			<string>o</string>
			<string>ç</string>
		</MonsterRequiredLetters>
		<MonsterAllLetters>
		</MonsterAllLetters>
		<Stones>
			<string>n</string>
			<string>l</string>
			<string>k</string>
			<string>o</string>
			<string>ç</string>
		</Stones>
    </Segment>
	<Segment SegmentTime="12" spawnIds="90,55,96,91,93">
		
		<MonsterRequiredLetters>
			<string>o</string>
			<string>t</string>
			<string>ç</string>
		<string>u</string><string>l</string><string> </string></MonsterRequiredLetters>
		<MonsterAllLetters>
		</MonsterAllLetters>
		<Stones>
			<string>o</string>
			<string>t</string>
			<string>ç</string>
			<string>u</string>
			<string>l</string>
		<string spawnId="24"> </string></Stones>
    </Segment>
	<Segment SegmentTime="12" spawnIds="90,55,96,91,93">
		
		<MonsterRequiredLetters>
			<string>t</string>
			<string>o</string>
			<string>k</string>
		<string>a</string><string>t</string></MonsterRequiredLetters>
		<MonsterAllLetters>
		</MonsterAllLetters>
		<Stones>
			<string>t</string>
			<string>o</string>
			<string>k</string>       
			<string>a</string>
			<string>t</string>
		</Stones>
	</Segment>
	<Segment SegmentTime="12" spawnIds="90,55,96,91,93">
		
		<MonsterRequiredLetters>
			<string>o</string>
			<string>j</string>
			<string>e</string>
		</MonsterRequiredLetters>
		<MonsterAllLetters>
		</MonsterAllLetters>
		<Stones>
			<string>u</string>
			<string>r</string>
			<string>o</string>
			<string>j</string>
			<string>e</string>
		</Stones>
    </Segment>
  </Segments>
</XMLLevel>