<XMLLevel CollectableMonster="" HideCallout="-1" LettersGroup="1" SegmentTime="13" StoneType="1" monsterInputType="Word">
	<Segments>
		<Segment SegmentTime="13" spawnIds="">
			
			<MonsterRequiredLetters>
				<string>ç</string>
				<string>o</string>
				<string>c</string>
			<string>u</string><string>k</string></MonsterRequiredLetters>
			<MonsterAllLetters>
			</MonsterAllLetters>
			<Stones>
				<string spawnId="77">ç</string>
				<string spawnId="83">o</string>
				<string spawnId="80">c</string>
				<string bonusScore="175" spawnId="82">BonusLetter</string>
			<string spawnId="28">u</string><string spawnId="22">k</string></Stones>
    </Segment>
	<Segment SegmentTime="13" spawnIds="">
		
		<MonsterRequiredLetters>
			<string>k</string>
			<string>o</string>
			<string>ş</string>
		</MonsterRequiredLetters>
		<MonsterAllLetters>
		</MonsterAllLetters>
		<Stones>
			<string spawnId="77">k</string>
			<string spawnId="83">o</string>
			<string spawnId="80">ş</string>
			<string spawnId="82">MagnetLetter</string>
		</Stones>
    </Segment>
	<Segment SegmentTime="13" spawnIds="">
		
		<MonsterRequiredLetters>
			<string>ş</string>
			<string>o</string>
			<string>k</string>
		<string>e</string></MonsterRequiredLetters>
		<MonsterAllLetters>
		</MonsterAllLetters>
		<Stones>
			<string spawnId="94">ş</string>
			<string spawnId="59">o</string>
			<string spawnId="93">k</string>
			<string bonusScore="175" spawnId="61">BonusLetter</string>
		</Stones>
    </Segment>
	<Segment SegmentTime="13" spawnIds="">
		
		<MonsterRequiredLetters>
			<string>o</string>
			<string>j</string>
			<string>e</string>
		</MonsterRequiredLetters>
		<MonsterAllLetters>
		</MonsterAllLetters>
		<Stones>
			<string spawnId="94">o</string>
			<string spawnId="59">j</string>
			<string spawnId="93">e</string>
			<string spawnId="61">MagnetLetter</string>
		</Stones>
	</Segment>
	<Segment SegmentTime="13" spawnIds="">
		
		<MonsterRequiredLetters>
			<string>o</string>
			<string>j</string>
			<string>e</string>
		</MonsterRequiredLetters>
		<MonsterAllLetters>
		</MonsterAllLetters>
		<Stones>
			<string spawnId="55">o</string>
			<string spawnId="60">j</string>
			<string spawnId="82">e</string>
			<string spawnId="83">MagnetLetter</string>
			<string bonusScore="175" spawnId="54">BonusLetter</string>
		</Stones>
    </Segment>
  </Segments>
</XMLLevel>