<XMLLevel CollectableMonster="" HideCallout="-1" LettersGroup="2" SegmentTime="11" StoneType="1" monsterInputType="LetterInWord">
  <Segments>
    <Segment SegmentTime="11" spawnIds="">
      
	  <MonsterRequiredLetters>
		<string>g</string>
	  </MonsterRequiredLetters>
	  <MonsterAllLetters>
		<string>X</string>
		<string>e</string>
	  <string>v</string><string>e</string><string>z</string><string>e</string></MonsterAllLetters>
	  <Stones>
        <string spawnId="28">e</string>
        <string spawnId="63">f</string>
        <string spawnId="25">y</string>
		<string spawnId="64">e</string>
		<string spawnId="91">f</string>
        <string spawnId="92">g</string>
		<string spawnId="60">MagnetLetter</string>
      </Stones>
    </Segment>
	<Segment SegmentTime="11" spawnIds="">
      
	  <MonsterRequiredLetters>
		<string>y</string>
	  </MonsterRequiredLetters>
	  <MonsterAllLetters>
		<string>X</string>
		<string>e</string>
		<string>m</string>
	  <string>e</string><string>k</string></MonsterAllLetters>
	  <Stones>
        <string spawnId="3">e</string>
        <string spawnId="59">e</string>
        <string spawnId="2">f</string>
		<string spawnId="61">v</string>
		<string spawnId="54">v</string>
        <string spawnId="55">y</string>
      </Stones>
    </Segment>
	<Segment SegmentTime="11" spawnIds="">
      
	  <MonsterRequiredLetters>
		<string>f</string>
	  </MonsterRequiredLetters>
	  <MonsterAllLetters>
		<string>X</string>
		<string>e</string>
		<string>d</string>
	  <string>a</string></MonsterAllLetters>
	  <Stones>
        <string spawnId="16">e</string>
        <string spawnId="80">v</string>
        <string spawnId="66">v</string>
		<string spawnId="77">g</string>
		<string spawnId="67">v</string>
        <string spawnId="17">f</string>
      </Stones>
    </Segment>
	<Segment SegmentTime="11" spawnIds="">
      
	  <MonsterRequiredLetters>
		<string>e</string>
	  </MonsterRequiredLetters>
	  <MonsterAllLetters>
		<string>X</string>
		<string>g</string>
		<string>z</string>
	  <string>e</string><string>r</string><string>s</string><string>i</string><string>z</string></MonsterAllLetters>
	  <Stones>
        <string spawnId="77">y</string>
        <string spawnId="17">f</string>
        <string spawnId="67">v</string>
		<string spawnId="16">f</string>
		<string spawnId="66">v</string>
		<string spawnId="80">e</string>
      </Stones>
    </Segment>
	<Segment SegmentTime="11" spawnIds="2,3,90,89,93,94">
      
	  <MonsterRequiredLetters>
		<string>e</string>
	  </MonsterRequiredLetters>
	  <MonsterAllLetters>
		<string>X</string>
		<string>f</string>
		<string>k</string>
	  <string>a</string><string>r</string></MonsterAllLetters>
	  <Stones>
        <string>g</string>
        <string>f</string>
        <string>g</string>
		<string>v</string>
		<string>y</string>
		<string>e</string>
		<string bonusScore="125" chanceToShow="60" spawnId="86">BonusLetter</string>
		<string bonusScore="125" chanceToShow="60" spawnId="87">BonusLetter</string>
      </Stones>
    </Segment>
  </Segments>
</XMLLevel>