<XMLLevel CollectableMonster="" HideCallout="1" LettersGroup="6" SegmentTime="9" StoneType="1" monsterInputType="LetterInWord">
  <Segments>
    <Segment SegmentTime="7" spawnIds="">
      
	  <MonsterRequiredLetters>
		<string>ş</string>
	  </MonsterRequiredLetters>
	  <MonsterAllLetters>
		<string>X</string>
		<string>o</string>
		<string>k</string>
		<string>e</string>
	  </MonsterAllLetters>
	  <Stones>
        <string spawnId="68">o</string>
        <string spawnId="83">ç</string>
        <string spawnId="92">o</string>
		<string spawnId="91">ç</string>
		<string spawnId="82">ç</string>
		<string spawnId="93">j</string>
		<string spawnId="94">t</string>
		<string spawnId="65">ç</string>
		<string spawnId="69">o</string>
		<string spawnId="72">ş</string>
      </Stones>
    </Segment>
	<Segment SegmentTime="9" spawnIds="">
      
	  <MonsterRequiredLetters>
		<string>j</string>
	  </MonsterRequiredLetters>
	  <MonsterAllLetters>
		<string>X</string>
		<string>o</string>
		<string>k</string>
		<string>e</string>
	  <string>r</string></MonsterAllLetters>
	  <Stones>
        <string spawnId="65">ç</string>
        <string spawnId="82">o</string>
        <string spawnId="91">ş</string>
		<string spawnId="92">o</string>
		<string spawnId="83">ç</string>
		<string spawnId="94">ş</string>
		<string spawnId="93">ş</string>
		<string spawnId="68">o</string>
		<string spawnId="72">t</string>
		<string spawnId="69">j</string>
      </Stones>
    </Segment>
	<Segment SegmentTime="9" spawnIds="">
      
	  <MonsterRequiredLetters>
		<string>ç</string>
	  </MonsterRequiredLetters>
	  <MonsterAllLetters>
		<string>X</string>
		<string>o</string>
	  <string>c</string><string>u</string><string>k</string></MonsterAllLetters>
	  <Stones>
        <string spawnId="88">o</string>
        <string spawnId="93">t</string>
        <string spawnId="67">t</string>
		<string spawnId="85">t</string>
		<string spawnId="45">o</string>
		<string spawnId="66">t</string>
		<string spawnId="59">o</string>
		<string spawnId="94">t</string>
		<string spawnId="36">t</string>
		<string spawnId="61">ç</string>
      </Stones>
    </Segment>
	<Segment SegmentTime="9" spawnIds="">
      
	  <MonsterRequiredLetters>
		<string>j</string>
	  </MonsterRequiredLetters>
	  <MonsterAllLetters>
		<string>X</string>
		<string>o</string>
		<string>k</string>
	  <string>e</string><string>r</string></MonsterAllLetters>
	  <Stones>
        <string spawnId="85">ş</string>
        <string spawnId="94">t</string>
        <string spawnId="66">ç</string>
		<string spawnId="88">t</string>
		<string spawnId="36">t</string>
		<string spawnId="67">t</string>
		<string spawnId="61">o</string>
		<string spawnId="93">ş</string>
		<string spawnId="45">t</string>
		<string spawnId="59">j</string>
      </Stones>
    </Segment>
	<Segment SegmentTime="9" spawnIds="">
      
	  <MonsterRequiredLetters>
		<string>j</string>
	  </MonsterRequiredLetters>
	  <MonsterAllLetters>
		<string>X</string>
		<string>o</string>
		<string>k</string>
	  <string>e</string><string>r</string></MonsterAllLetters>
	  <Stones>
        <string spawnId="85">o</string>
        <string spawnId="94">t</string>
        <string spawnId="66">t</string>
		<string spawnId="88">t</string>
		<string spawnId="36">ç</string>
		<string spawnId="67">ş</string>
		<string spawnId="61">t</string>
		<string spawnId="93">ş</string>
		<string spawnId="45">t</string>
		<string spawnId="59">j</string>
      </Stones>
    </Segment>
  </Segments>
</XMLLevel>