<XMLLevel CollectableMonster="" HideCallout="4" LettersGroup="3" SegmentTime="12" StoneType="1" monsterInputType="SoundWord">
	<Segments>
		<Segment SegmentTime="12" spawnIds="19,83,18,82">
			
			<MonsterRequiredLetters>
				<string>k</string>
				<string>o</string>
			<string>ş</string></MonsterRequiredLetters>
			<MonsterAllLetters>
			</MonsterAllLetters>
			<Stones>
				<string>s</string>
				<string>k</string>
				<string>o</string>
				<string>ş</string>
			</Stones>
    </Segment>
	<Segment SegmentTime="12" spawnIds="25,28,91,92">
		
		<MonsterRequiredLetters>
			<string>j</string>
			<string>o</string>
			<string>k</string>
		<string>e</string><string>r</string></MonsterRequiredLetters>
		<MonsterAllLetters>
		</MonsterAllLetters>
		<Stones>
			<string>j</string>
			<string>o</string>
			<string>k</string>
			<string>e</string>
		<string spawnId="24">r</string></Stones>
    </Segment>
	<Segment SegmentTime="12" spawnIds="4,5,54,55">
		
		<MonsterRequiredLetters>
			<string>j</string>
			<string>o</string>
		<string>k</string><string>e</string><string>r</string></MonsterRequiredLetters>
		<MonsterAllLetters>
		</MonsterAllLetters>
		<Stones>
			<string>j</string>
			<string>o</string>
			<string>k</string>
			<string>e</string>
		<string spawnId="28">r</string></Stones>
    </Segment>
	<Segment SegmentTime="12" spawnIds="70,71,56,57">
		
		<MonsterRequiredLetters>
			<string>t</string>
			<string>o</string>
			<string>k</string>
		<string>a</string><string>t</string></MonsterRequiredLetters>
		<MonsterAllLetters>
		</MonsterAllLetters>
		<Stones>
			<string>t</string>
			<string>o</string>
			<string>k</string>     
			<string>a</string>
		<string spawnId="24">t</string></Stones>
	</Segment>
	<Segment SegmentTime="12" spawnIds="9,96,8,95">
		
		<MonsterRequiredLetters>
			<string>k</string>
			<string>o</string>
			<string>ç</string>
		</MonsterRequiredLetters>
		<MonsterAllLetters>
		</MonsterAllLetters>
		<Stones>
			<string>i</string>
			<string>k</string>
			<string>o</string>
			<string>ç</string>
		</Stones>
    </Segment>
  </Segments>
</XMLLevel>