<XMLLevel CollectableMonster="" HideCallout="-1" LettersGroup="2" SegmentTime="11" StoneType="1" monsterInputType="Letter">
  <Segments>
    <Segment SegmentTime="11" spawnIds="">
    	
    	<MonsterRequiredLetters>
    		<string>v</string>
    	</MonsterRequiredLetters>
    	<MonsterAllLetters>
    	</MonsterAllLetters>
    	<Stones>
    		<string spawnId="21">e</string>
    		<string spawnId="18">e</string>
			<string spawnId="22">e</string>
    		<string spawnId="19">v</string>
			<string bonusScore="200" spawnId="60">BonusLetter</string>
    	</Stones>
	</Segment>
	<Segment SegmentTime="11" spawnIds="">
		
		<MonsterRequiredLetters>
			<string>e</string>
		</MonsterRequiredLetters>
	  	<MonsterAllLetters>
	  	</MonsterAllLetters>
	  	<Stones>
        	<string spawnId="86">v</string>
        	<string spawnId="1">g</string>
        	<string spawnId="87">g</string>
        	<string spawnId="0">e</string>
			<string spawnId="60">MagnetLetter</string>
      	</Stones>
    </Segment>
	<Segment SegmentTime="11" spawnIds="">
		
      	<MonsterRequiredLetters>
			<string>y</string>
	  	</MonsterRequiredLetters>
	  	<MonsterAllLetters>
	  	</MonsterAllLetters>
	  	<Stones>
			<string spawnId="20">g</string>
	        <string spawnId="61">e</string>
	        <string spawnId="23">v</string>
			<string spawnId="59">y</string>
      	</Stones>
	</Segment>
	<Segment SegmentTime="11" spawnIds="">
		
      	<MonsterRequiredLetters>
			<string>e</string>
	  	</MonsterRequiredLetters>
	  	<MonsterAllLetters>
	  	</MonsterAllLetters>
	  	<Stones>
	        <string spawnId="69">v</string>
	        <string spawnId="72">f</string>
	        <string spawnId="11">v</string>
			<string spawnId="8">e</string>
			<string bonusScore="125" spawnId="12">BonusLetter</string>
			<string bonusScore="125" spawnId="9">BonusLetter</string>
      	</Stones>
    </Segment>
	<Segment SegmentTime="11" spawnIds="">
		
      	<MonsterRequiredLetters>
			<string>e</string>
	  	</MonsterRequiredLetters>
	  	<MonsterAllLetters>
	  	</MonsterAllLetters>
	  	<Stones>
	        <string spawnId="15">f</string>
	        <string spawnId="14">g</string>
	        <string spawnId="12">f</string>
			<string spawnId="7">e</string>
			<string spawnId="11">FireWrongLetter</string>
			<string spawnId="6">FireWrongLetter</string>
      	</Stones>
	</Segment>
  </Segments>
</XMLLevel>