<XMLLevel CollectableMonster="" HideCallout="-1" LettersGroup="1" SegmentTime="11" StoneType="1" monsterInputType="LetterInWord">
  <Segments>
    <Segment SegmentTime="11" spawnIds="5,75,57">
      
	  <MonsterRequiredLetters>
		<string>h</string>
	  </MonsterRequiredLetters>
	  <MonsterAllLetters>
		<string>X</string>
		<string>a</string>
		<string>l</string>
		<string>ı</string>
	  </MonsterAllLetters>
	  <Stones>
        <string>m</string>
		<string>m</string>
		<string>h</string>
      </Stones>
    </Segment>
	<Segment SegmentTime="11" spawnIds="4,74,56">
      
	  <MonsterRequiredLetters>
		<string>a</string>
	  </MonsterRequiredLetters>
	  <MonsterAllLetters>
		<string>X</string>
		<string>b</string>
		<string>a</string>
	  </MonsterAllLetters>
	  <Stones>
        <string>a </string>
		<string>b</string>
		<string>a</string>
      <string spawnId="22"> </string></Stones>
    </Segment>
	<Segment SegmentTime="11" spawnIds="89,8,95">
      
	  <MonsterRequiredLetters>
		<string>p</string>
	  </MonsterRequiredLetters>
	  <MonsterAllLetters>
		<string>X</string>
		<string>a</string>
		<string>r</string>
	  <string>a</string></MonsterAllLetters>
	  <Stones>
        <string>a </string>
		<string>a </string>
		<string>p</string>
      </Stones>
    </Segment>
	<Segment SegmentTime="11" spawnIds="90,9,96">
      
	  <MonsterRequiredLetters>
		<string>a</string>
	  </MonsterRequiredLetters>
	  <MonsterAllLetters>
		<string>X</string>
		<string>b</string>
		<string>a</string>
	  </MonsterAllLetters>
	  <Stones>
        <string>h</string>
		<string>h</string>
		<string>a</string>
      <string spawnId="26"> </string></Stones>
    </Segment>
	<Segment SegmentTime="11" spawnIds="83,55,82,54">
      
	  <MonsterRequiredLetters>
		<string>m</string>
	  </MonsterRequiredLetters>
	  <MonsterAllLetters>
		<string>X</string>
		<string>a</string>
		<string>m</string>
	  <string>a</string></MonsterAllLetters>
	  <Stones>
        <string>a </string>
        <string>p</string>
        <string>m</string>
		<string bonusScore="150">BonusLetter</string>
      </Stones>
    </Segment>
  </Segments>
</XMLLevel>