<XMLLevel CollectableMonster="" HideCallout="1" LettersGroup="5" SegmentTime="9" StoneType="1" monsterInputType="SoundLetter">
  <Segments>
    <Segment SegmentTime="9" spawnIds="">
    	
    	<MonsterRequiredLetters>
    		<string>j</string>
    	</MonsterRequiredLetters>
    	<MonsterAllLetters>
    	</MonsterAllLetters>
    	<Stones>
    		<string spawnId="1">t</string>
    		<string spawnId="86">ş</string>
    		<string spawnId="92">ş</string>
			<string spawnId="0">t</string>
			<string spawnId="22">o</string>
			<string spawnId="91">o</string>
			<string spawnId="87">o</string>
			<string spawnId="21">j</string>
    	</Stones>
	</Segment>
	<Segment SegmentTime="9" spawnIds="20,75,15,23,74,14,11,12,60">
		
		<MonsterRequiredLetters>
			<string>ş</string>
		</MonsterRequiredLetters>
	  	<MonsterAllLetters>
	  	</MonsterAllLetters>
	  	<Stones>
        	<string>ç</string>
        	<string>j</string>
			<string>o</string>
        	<string>o</string>
			<string>ç</string>
			<string>o</string>
			<string>ç</string>
			<string>ç</string>
			<string>ş</string>
      	</Stones>
    </Segment>
	<Segment SegmentTime="9" spawnIds="0,1,21,22,86,87,91,92">
		
      	<MonsterRequiredLetters>
			<string>j</string>
	  	</MonsterRequiredLetters>
	  	<MonsterAllLetters>
	  	</MonsterAllLetters>
	  	<Stones>
			<string>o</string>
	        <string>t</string>
	        <string>o</string>
			<string>ç</string>
			<string>o</string>
			<string>o</string>
			<string>t</string>
			<string>j</string>
      	</Stones>
	</Segment>
	<Segment SegmentTime="9" spawnIds="20,75,15,23,74,14,11,12,60">
		
      	<MonsterRequiredLetters>
			<string>j</string>
	  	</MonsterRequiredLetters>
	  	<MonsterAllLetters>
	  	</MonsterAllLetters>
	  	<Stones>
	        <string>ç</string>
	        <string>t</string>
	        <string>ç</string>
			<string>t</string>
			<string>o</string>
			<string>ç</string>
			<string>ç</string>
			<string>o</string>
			<string>j</string>
      	</Stones>
    </Segment>
	<Segment SegmentTime="9" spawnIds="0,1,21,22,86,87,91,92">
		
      	<MonsterRequiredLetters>
			<string>t</string>
	  	</MonsterRequiredLetters>
	  	<MonsterAllLetters>
	  	</MonsterAllLetters>
	  	<Stones>
	        <string>j</string>
	        <string>j</string>
	        <string>o</string>
			<string>ç</string>
			<string>ş</string>
			<string>j</string>
			<string>j</string>
			<string>t</string>
      	</Stones>
	</Segment>
  </Segments>
</XMLLevel>