<XMLLevel CollectableMonster="" HideCallout="3" LettersGroup="4" SegmentTime="10" StoneType="1" monsterInputType="Letter">
  <Segments>
    <Segment SegmentTime="10" spawnIds="">
    	
    	<MonsterRequiredLetters>
    		<string>u</string>
    	</MonsterRequiredLetters>
    	<MonsterAllLetters>
    	</MonsterAllLetters>
    	<Stones>
    		<string spawnId="18">z</string>
    		<string spawnId="19">n</string>
    		<string spawnId="36">n</string>
			<string spawnId="45">n</string>
			<string spawnId="57">z</string>
			<string spawnId="56">u</string>
			<string spawnId="8">Shield</string>
			<string bonusScore="275" spawnId="9">BonusLetter</string>
    	</Stones>
	</Segment>
	<Segment SegmentTime="10" spawnIds="87,78,64,60,36,79,86,63,45">
		
		<MonsterRequiredLetters>
			<string>l</string>
		</MonsterRequiredLetters>
	  	<MonsterAllLetters>
	  	</MonsterAllLetters>
	  	<Stones>
        	<string>z</string>
        	<string>z</string>
			<string>u</string>
        	<string>z</string>
			<string>u</string>
			<string>z</string>
			<string>n</string>
			<string>n</string>
			<string>l</string>
      	</Stones>
    </Segment>
	<Segment SegmentTime="10" spawnIds="">
		
      	<MonsterRequiredLetters>
			<string>u</string>
	  	</MonsterRequiredLetters>
	  	<MonsterAllLetters>
	  	</MonsterAllLetters>
	  	<Stones>
			<string spawnId="21">r</string>
	        <string spawnId="5">l</string>
	        <string spawnId="22">n</string>
			<string spawnId="92">l</string>
			<string spawnId="58">n</string>
			<string spawnId="91">n</string>
			<string spawnId="62">z</string>
			<string spawnId="4">u</string>
      	</Stones>
	</Segment>
	<Segment SegmentTime="10" spawnIds="87,78,64,60,36,79,86,63,45">
		
      	<MonsterRequiredLetters>
			<string>n</string>
	  	</MonsterRequiredLetters>
	  	<MonsterAllLetters>
	  	</MonsterAllLetters>
	  	<Stones>
	        <string>l</string>
	        <string>r</string>
			<string>u</string>
			<string>r</string>
			<string>u</string>
			<string>u</string>
			<string>z</string>
			<string>z</string>
			<string>n</string>
      	</Stones>
    </Segment>
	<Segment SegmentTime="10" spawnIds="">
		
      	<MonsterRequiredLetters>
			<string>n</string>
	  	</MonsterRequiredLetters>
	  	<MonsterAllLetters>
	  	</MonsterAllLetters>
	  	<Stones>
	        <string spawnId="18">u</string>
	        <string spawnId="19">z</string>
	        <string spawnId="36">z</string>
			<string spawnId="45">u</string>
			<string spawnId="57">r</string>
			<string spawnId="56">n</string>
			<string spawnId="8">Shield</string>
			<string bonusScore="275" spawnId="9">BonusLetter</string>
      	</Stones>
	</Segment>
  </Segments>
</XMLLevel>