<XMLLevel CollectableMonster="" HideCallout="-1" LettersGroup="2" SegmentTime="11" StoneType="2" monsterInputType="LetterInWord">
  <Segments>
    <Segment SegmentTime="11" spawnIds="5,55,62">
      
	  <MonsterRequiredLetters>
		<string>y</string>
	  </MonsterRequiredLetters>
	  <MonsterAllLetters>
		<string>X</string>
		<string>e</string>
	  <string>m</string><string>e</string><string>k</string></MonsterAllLetters>
	  <Stones>
        <string>e</string>
		<string>e</string>
        <string>y</string>
      </Stones>
    </Segment>
	<Segment SegmentTime="11" spawnIds="">
      
	  <MonsterRequiredLetters>
		<string>e</string>
	  </MonsterRequiredLetters>
	  <MonsterAllLetters>
		<string>X</string>
		<string>g</string>
	  <string>z</string><string>e</string><string>r</string><string>s</string><string>i</string><string>z</string></MonsterAllLetters>
	  <Stones>
        <string spawnId="4">g</string>
        <string spawnId="54">g</string>
		<string spawnId="58">e</string>
      </Stones>
    </Segment>
	<Segment SegmentTime="11" spawnIds="60,8,9">
      
	  <MonsterRequiredLetters>
		<string>g</string>
	  </MonsterRequiredLetters>
	  <MonsterAllLetters>
		<string>X</string>
		<string>e</string>
	  <string>v</string><string>e</string><string>z</string><string>e</string></MonsterAllLetters>
	  <Stones>
        <string>e</string>
        <string>y</string>
		<string>g</string>
      </Stones>
    </Segment>
	<Segment SegmentTime="11" spawnIds="">
      
	  <MonsterRequiredLetters>
		<string>g</string>
	  </MonsterRequiredLetters>
	  <MonsterAllLetters>
		<string>X</string>
		<string>e</string>
	  <string>v</string><string>e</string><string>z</string><string>e</string></MonsterAllLetters>
	  <Stones>
        <string spawnId="8">v</string>
        <string spawnId="9">y</string>
        <string spawnId="60">g</string>
      </Stones>
    </Segment>
	<Segment SegmentTime="11" spawnIds="25,28,93,94">
      
	  <MonsterRequiredLetters>
		<string>g</string>
	  </MonsterRequiredLetters>
	  <MonsterAllLetters>
		<string>X</string>
		<string>e</string>
	  <string>v</string><string>e</string><string>z</string><string>e</string></MonsterAllLetters>
	  <Stones>
        <string>v</string>
        <string>f</string>
		<string>g</string>
		<string bonusScore="250">BonusLetter</string>
      </Stones>
    </Segment>
  </Segments>
</XMLLevel>