<XMLLevel CollectableMonster="" HideCallout="-1" LettersGroup="1" SegmentTime="11" StoneType="1" monsterInputType="Letter">
  <Segments>
    <Segment SegmentTime="11" spawnIds="28,94,7">
    	
    	<MonsterRequiredLetters>
    		<string>p</string>
    	</MonsterRequiredLetters>
    	<MonsterAllLetters>
    	</MonsterAllLetters>
    	<Stones>
    		<string>h</string>
    		<string>b</string>
			<string>p</string>
    	</Stones>
	</Segment>
	<Segment SegmentTime="11" spawnIds="25,93,6">
		
		<MonsterRequiredLetters>
			<string>m</string>
		</MonsterRequiredLetters>
	  	<MonsterAllLetters>
	  	</MonsterAllLetters>
	  	<Stones>
        	<string>a </string>
        	<string>p</string>
			<string>m</string>
      	</Stones>
    </Segment>
	<Segment SegmentTime="11" spawnIds="59,78,6">
		
      	<MonsterRequiredLetters>
			<string>a</string>
	  	</MonsterRequiredLetters>
	  	<MonsterAllLetters>
	  	</MonsterAllLetters>
	  	<Stones>
			<string>b</string>
	        <string>a </string>
			<string>a</string>
      	<string spawnId="20"> </string></Stones>
	</Segment>
	<Segment SegmentTime="11" spawnIds="61,79,7">
		
      	<MonsterRequiredLetters>
			<string>a</string>
	  	</MonsterRequiredLetters>
	  	<MonsterAllLetters>
	  	</MonsterAllLetters>
	  	<Stones>
	        <string>p</string>
	        <string>p</string>
			<string>a</string>
			
      	<string spawnId="24"> </string></Stones>
    </Segment>
	<Segment SegmentTime="11" spawnIds="94,93,59,61">
		
      	<MonsterRequiredLetters>
			<string>h</string>
	  	</MonsterRequiredLetters>
	  	<MonsterAllLetters>
	  	</MonsterAllLetters>
	  	<Stones>
	        <string>m</string>
	        <string>p</string>
			<string>h</string>
			<string bonusScore="100">BonusLetter</string>
      	</Stones>
	</Segment>
  </Segments>
</XMLLevel>