<XMLLevel CollectableMonster="" HideCallout="5" LettersGroup="3" SegmentTime="10" StoneType="1" monsterInputType="SoundLetter">
  <Segments>
    <Segment SegmentTime="10" spawnIds="">
    	
    	<MonsterRequiredLetters>
    		<string>i</string>
    	</MonsterRequiredLetters>
    	<MonsterAllLetters>
    	</MonsterAllLetters>
    	<Stones>
    		<string spawnId="4">d</string>
    		<string spawnId="75">k</string>
			<string spawnId="56">d</string>
    		<string spawnId="5">d</string>
			<string spawnId="74">d</string>
			<string spawnId="57">i</string>
    	</Stones>
	</Segment>
	<Segment SegmentTime="10" spawnIds="4,5,56,57,74,75">
		
		<MonsterRequiredLetters>
			<string>i</string>
		</MonsterRequiredLetters>
	  	<MonsterAllLetters>
	  	</MonsterAllLetters>
	  	<Stones>
        	<string>s</string>
        	<string>c</string>
			<string>d</string>
        	<string>d</string>
			<string>s</string>
			<string>i</string>
      	</Stones>
    </Segment>
	<Segment SegmentTime="10" spawnIds="">
		
      	<MonsterRequiredLetters>
			<string>c</string>
	  	</MonsterRequiredLetters>
	  	<MonsterAllLetters>
	  	</MonsterAllLetters>
	  	<Stones>
			<string spawnId="75">k</string>
	        <string spawnId="80">k</string>
			<string spawnId="83">i</string>
	        <string spawnId="74">s</string>
			<string spawnId="77">s</string>
			<string spawnId="82">c</string>
      	</Stones>
	</Segment>
	<Segment SegmentTime="10" spawnIds="75,80,83,74,77,82">
		
      	<MonsterRequiredLetters>
			<string>d</string>
	  	</MonsterRequiredLetters>
	  	<MonsterAllLetters>
	  	</MonsterAllLetters>
	  	<Stones>
	        <string>c</string>
	        <string>c</string>
			<string>i</string>
	        <string>k</string>
			<string>s</string>
			<string>d</string>
      	</Stones>
    </Segment>
	<Segment SegmentTime="10" spawnIds="">
		
      	<MonsterRequiredLetters>
			<string>s</string>
	  	</MonsterRequiredLetters>
	  	<MonsterAllLetters>
	  	</MonsterAllLetters>
	  	<Stones>
	        <string spawnId="89">i</string>
			<string spawnId="95">c</string>
	        <string spawnId="55">i</string>
	        <string spawnId="54">d</string>
			<string spawnId="90">d</string>
			<string spawnId="96">s</string>
      	</Stones>
	</Segment>
  </Segments>
</XMLLevel>