<XMLLevel CollectableMonster="" HideCallout="-1" LettersGroup="1" SegmentTime="11" StoneType="1" monsterInputType="SoundLetter">
  <Segments>
    <Segment SegmentTime="11" spawnIds="82,83">
    	
    	<MonsterRequiredLetters>
    		<string>m</string>
    	</MonsterRequiredLetters>
    	<MonsterAllLetters>
    	</MonsterAllLetters>
    	<Stones>
    		<string>b</string>
    		<string>m</string>
    	</Stones>
	</Segment>
	<Segment SegmentTime="11" spawnIds="21,22">
		
		<MonsterRequiredLetters>
			<string>m</string>
		</MonsterRequiredLetters>
	  	<MonsterAllLetters>
	  	</MonsterAllLetters>
	  	<Stones>
        	<string>p</string>
        	<string>m</string>
      	</Stones>
    </Segment>
	<Segment SegmentTime="11" spawnIds="93,94">
		
      	<MonsterRequiredLetters>
			<string>p</string>
	  	</MonsterRequiredLetters>
	  	<MonsterAllLetters>
	  	</MonsterAllLetters>
	  	<Stones>
			<string>a </string>
	        <string>p</string>
      	</Stones>
	</Segment>
	<Segment SegmentTime="11" spawnIds="54,55">
		
      	<MonsterRequiredLetters>
			<string>b</string>
	  	</MonsterRequiredLetters>
	  	<MonsterAllLetters>
	  	</MonsterAllLetters>
	  	<Stones>
	        <string>h</string>
	        <string>b</string>
      	</Stones>
    </Segment>
	<Segment SegmentTime="11" spawnIds="25,28,60">
		
      	<MonsterRequiredLetters>
			<string>h</string>
	  	</MonsterRequiredLetters>
	  	<MonsterAllLetters>
	  	</MonsterAllLetters>
	  	<Stones>
	        <string>m</string>
	        <string>h</string>
			<string bonusScore="100">BonusLetter</string>
      	</Stones>
	</Segment>
  </Segments>
</XMLLevel>