<XMLLevel CollectableMonster="" HideCallout="1" LettersGroup="6" SegmentTime="9" StoneType="1" monsterInputType="Letter">
  <Segments>
    <Segment SegmentTime="9" spawnIds="">
    	
    	<MonsterRequiredLetters>
    		<string>o</string>
    	</MonsterRequiredLetters>
    	<MonsterAllLetters>
    	</MonsterAllLetters>
    	<Stones>
    		<string spawnId="1">j</string>
    		<string spawnId="59">ş</string>
    		<string spawnId="55">j</string>
			<string spawnId="56">j</string>
			<string spawnId="57">j</string>
			<string spawnId="0">j</string>
			<string spawnId="61">t</string>
			<string spawnId="54">ç</string>
			<string spawnId="7">o</string>
			<string bonusScore="275" spawnId="6">BonusLetter</string>
    	</Stones>
	</Segment>
	<Segment SegmentTime="9" spawnIds="">
		
		<MonsterRequiredLetters>
			<string>ç</string>
		</MonsterRequiredLetters>
	  	<MonsterAllLetters>
	  	</MonsterAllLetters>
	  	<Stones>
        	<string spawnId="28">ş</string>
        	<string spawnId="93">j</string>
        	<string spawnId="71">o</string>
			<string spawnId="67">ş</string>
			<string spawnId="70">ş</string>
			<string spawnId="92">j</string>
			<string spawnId="66">o</string>
			<string spawnId="94">o</string>
			<string spawnId="91">t</string>
			<string spawnId="25">ç</string>
      	</Stones>
    </Segment>
	<Segment SegmentTime="9" spawnIds="">
		
      	<MonsterRequiredLetters>
			<string>ç</string>
	  	</MonsterRequiredLetters>
	  	<MonsterAllLetters>
	  	</MonsterAllLetters>
	  	<Stones>
			<string spawnId="0">t</string>
	        <string spawnId="61">j</string>
	        <string spawnId="54">t</string>
			<string spawnId="57">j</string>
			<string spawnId="56">o</string>
			<string spawnId="1">o</string>
			<string spawnId="59">o</string>
			<string spawnId="55">t</string>
			<string spawnId="6">ç</string>
			<string bonusScore="275" spawnId="7">BonusLetter</string>
      	</Stones>
	</Segment>
	<Segment SegmentTime="9" spawnIds="28,93,71,67,70,92,66,94,91,25">
		
      	<MonsterRequiredLetters>
			<string>j</string>
	  	</MonsterRequiredLetters>
	  	<MonsterAllLetters>
	  	</MonsterAllLetters>
	  	<Stones>
	        <string>ç</string>
	        <string>o</string>
	        <string>ş</string>
			<string>o</string>
			<string>o</string>
			<string>t</string>
			<string>o</string>
			<string>ş</string>
			<string>ç</string>
			<string>j</string>
      	</Stones>
    </Segment>
	<Segment SegmentTime="9" spawnIds="">
		
      	<MonsterRequiredLetters>
			<string>ç</string>
	  	</MonsterRequiredLetters>
	  	<MonsterAllLetters>
	  	</MonsterAllLetters>
	  	<Stones>
	        <string spawnId="62">o</string>
	        <string spawnId="2">t</string>
	        <string spawnId="3">j</string>
			<string spawnId="7">o</string>
			<string spawnId="5">ş</string>
			<string spawnId="9">ş</string>
			<string spawnId="6">t</string>
			<string spawnId="8">o</string>
			<string spawnId="58">ç</string>
			<string bonusScore="275" spawnId="4">BonusLetter</string>
      	</Stones>
	</Segment>
  </Segments>
</XMLLevel>