<XMLLevel CollectableMonster="" HideCallout="-1" LettersGroup="1" SegmentTime="11" StoneType="1" monsterInputType="LetterInWord">
  <Segments>
    <Segment SegmentTime="11" spawnIds="0,91,21">
      
	  <MonsterRequiredLetters>
		<string>p</string>
	  </MonsterRequiredLetters>
	  <MonsterAllLetters>
		<string>X</string>
		<string>a</string>
		<string>r</string>
	  <string>a</string></MonsterAllLetters>
	  <Stones>
        <string>m</string>
        <string>h</string>
        <string>p</string>
      </Stones>
    </Segment>
	<Segment SegmentTime="11" spawnIds="1,22,92">
      
	  <MonsterRequiredLetters>
		<string>m</string>
	  </MonsterRequiredLetters>
	  <MonsterAllLetters>
		<string>X</string>
		<string>a</string>
		<string>m</string>
	  <string>a</string></MonsterAllLetters>
	  <Stones>
        <string>a </string>
        <string>p</string>
        <string>m</string>
      </Stones>
    </Segment>
	<Segment SegmentTime="11" spawnIds="45,79,27">
      
	  <MonsterRequiredLetters>
		<string>a</string>
	  </MonsterRequiredLetters>
	  <MonsterAllLetters>
		<string>X</string>
		<string>b</string>
		<string>a</string>
	  </MonsterAllLetters>
	  <Stones>
        <string>m</string>
        <string>h</string>
        <string>a</string>
      <string spawnId="20"> </string></Stones>
    </Segment>
	<Segment SegmentTime="11" spawnIds="36,78,26">
      
	  <MonsterRequiredLetters>
		<string>a</string>
	  </MonsterRequiredLetters>
	  <MonsterAllLetters>
		<string>X</string>
		<string>b</string>
		<string>a</string>
	  </MonsterAllLetters>
	  <Stones>
        <string>p</string>
        <string>a </string>
        <string>a</string>
      <string spawnId="26"> </string></Stones>
    </Segment>
	<Segment SegmentTime="11" spawnIds="70,78,71,79">
      
	  <MonsterRequiredLetters>
		<string>p</string>
	  </MonsterRequiredLetters>
	  <MonsterAllLetters>
		<string>X</string>
		<string>a</string>
		<string>r</string>
	  <string>a</string></MonsterAllLetters>
	  <Stones>
        <string>a </string>
        <string>h</string>
        <string>p</string>
		<string bonusScore="150">BonusLetter</string>
      </Stones>
    </Segment>
  </Segments>
</XMLLevel>