<XMLLevel CollectableMonster="" HideCallout="-1" LettersGroup="2" SegmentTime="11" StoneType="1" monsterInputType="LetterInWord">
  <Segments>
    <Segment SegmentTime="11" spawnIds="11,12,69,72,54,55">
      
	  <MonsterRequiredLetters>
		<string>e</string>
	  </MonsterRequiredLetters>
	  <MonsterAllLetters>
		<string>X</string>
		<string>g</string>
	  <string>z</string><string>e</string><string>r</string><string>s</string><string>i</string><string>z</string></MonsterAllLetters>
	  <Stones>
        <string>f</string>
        <string>v</string>
        <string>v</string>
		<string>f</string>
		<string>y</string>
		<string>e</string>
      </Stones>
    </Segment>
	<Segment SegmentTime="11" spawnIds="">
      
	  <MonsterRequiredLetters>
		<string>f</string>
	  </MonsterRequiredLetters>
	  <MonsterAllLetters>
		<string>X</string>
		<string>e</string>
	  <string>d</string><string>a</string></MonsterAllLetters>
	  <Stones>
        <string spawnId="11">y</string>
        <string spawnId="69">y</string>
        <string spawnId="54">e</string>
		<string spawnId="12">e</string>
		<string spawnId="55">g</string>
		<string spawnId="72">f</string>
      </Stones>
    </Segment>
	<Segment SegmentTime="11" spawnIds="86,87,57,56,74,75">
      
	  <MonsterRequiredLetters>
		<string>v</string>
	  </MonsterRequiredLetters>
	  <MonsterAllLetters>
		<string>X</string>
		<string>e</string>
	  <string>t</string><string>e</string><string>r</string><string>i</string><string>n</string><string>e</string><string>r</string></MonsterAllLetters>
	  <Stones>
        <string>y</string>
        <string>e</string>
        <string>y</string>
		<string>y</string>
		<string>e</string>
		<string>v</string>
      </Stones>
    </Segment>
	<Segment SegmentTime="11" spawnIds="">
      
	  <MonsterRequiredLetters>
		<string>f</string>
	  </MonsterRequiredLetters>
	  <MonsterAllLetters>
		<string>X</string>
		<string>e</string>
	  <string>d</string><string>a</string></MonsterAllLetters>
	  <Stones>
        <string spawnId="17">y</string>
        <string spawnId="80">y</string>
        <string spawnId="11">y</string>
		<string spawnId="77">e</string>
		<string spawnId="12">g</string>
		<string spawnId="16">f</string>
      </Stones>
    </Segment>
	<Segment SegmentTime="11" spawnIds="">
      
	  <MonsterRequiredLetters>
		<string>g</string>
	  </MonsterRequiredLetters>
	  <MonsterAllLetters>
		<string>X</string>
		<string>e</string>
		<string>v</string>
	  <string>e</string><string>z</string><string>e</string></MonsterAllLetters>
	  <Stones>
        <string spawnId="86">y</string>
        <string spawnId="75">y</string>
        <string spawnId="87">f</string>
		<string spawnId="74">y</string>
		<string spawnId="21">f</string>
		<string spawnId="22">g</string>
		<string bonusScore="125" spawnId="65">BonusLetter</string>
		<string bonusScore="125" spawnId="68">BonusLetter</string>
      </Stones>
    </Segment>
  </Segments>
</XMLLevel>