<XMLLevel CollectableMonster="" HideCallout="1" LettersGroup="6" SegmentTime="12" StoneType="2" monsterInputType="Word">
	<Segments>
		<Segment SegmentTime="12" spawnIds="">
			
			<MonsterRequiredLetters>
				<string>k</string>
				<string>o</string>
				<string>ç</string>
			</MonsterRequiredLetters>
			<MonsterAllLetters>
			</MonsterAllLetters>
			<Stones>
				<string spawnId="36">j</string>
				<string spawnId="65">t</string>
				<string spawnId="68">t</string>
				<string spawnId="45">j</string>
				<string spawnId="94">k</string>
				<string spawnId="28">o</string>
				<string spawnId="25">ç</string>
				<string bonusScore="275" spawnId="93">BonusLetter</string>
			</Stones>
    </Segment>
	<Segment SegmentTime="12" spawnIds="">
		
		<MonsterRequiredLetters>
			<string>t</string>
			<string>o</string>
			<string>k</string>
			<string>a</string>
		<string>t</string></MonsterRequiredLetters>
		<MonsterAllLetters>
		</MonsterAllLetters>
		<Stones>
			<string spawnId="59">ç</string>
			<string spawnId="45">ş</string>
			<string spawnId="2">t</string>
			<string spawnId="36">o</string>
			<string spawnId="79">k</string>
			<string spawnId="78">a</string>
			<string spawnId="61">t</string>
			<string bonusScore="275" spawnId="3">BonusLetter</string>
		</Stones>
    </Segment>
	<Segment SegmentTime="12" spawnIds="">
		
		<MonsterRequiredLetters>
			<string>o</string>
			<string>t</string>
			<string>ç</string>
		<string>u</string><string>l</string><string> </string></MonsterRequiredLetters>
		<MonsterAllLetters>
		</MonsterAllLetters>
		<Stones>
			<string spawnId="45">ş</string>
			<string spawnId="68">ş</string>
			<string spawnId="65">o</string>
			<string spawnId="36">t</string>
			<string spawnId="93">ç</string>
			<string spawnId="25">u</string>
			<string spawnId="28">l</string>
			<string spawnId="94"> </string>
		</Stones>
    </Segment>
	<Segment SegmentTime="12" spawnIds="">
		
		<MonsterRequiredLetters>
			<string>ç</string>
			<string>o</string>
			<string>c</string>
		<string>u</string><string>k</string></MonsterRequiredLetters>
		<MonsterAllLetters>
		</MonsterAllLetters>
		<Stones>
			<string spawnId="61">j</string>
			<string spawnId="36">t</string>
			<string spawnId="3">ç</string>
			<string spawnId="45">o</string>
			<string spawnId="78">c</string>
			<string spawnId="79">u</string>
			<string spawnId="59">k</string>
			<string bonusScore="275" spawnId="2">BonusLetter</string>
		</Stones>
	</Segment>
	<Segment SegmentTime="12" spawnIds="">
		
		<MonsterRequiredLetters>
			<string>k</string>
			<string>o</string>
			<string>ş</string>
			</MonsterRequiredLetters>
		<MonsterAllLetters>
		</MonsterAllLetters>
		<Stones>
			<string spawnId="11">ç</string>
			<string spawnId="75">t</string>
			<string spawnId="20">ç</string>
			<string spawnId="59">j</string>
			<string spawnId="74">k</string>
			<string spawnId="12">o</string>
			<string spawnId="23">ş</string>
			<string bonusScore="275" spawnId="61">BonusLetter</string>
		</Stones>
    </Segment>
  </Segments>
</XMLLevel>