<XMLLevel CollectableMonster="" HideCallout="-1" LettersGroup="2" SegmentTime="13" StoneType="1" monsterInputType="SoundWord">
	<Segments>
		<Segment SegmentTime="13" spawnIds="21,60,22">
			
			<MonsterRequiredLetters>
				<string>o</string>
				<string>t</string>
				<string>ç</string>
			<string>u</string><string>l</string><string> </string></MonsterRequiredLetters>
			<MonsterAllLetters>
			</MonsterAllLetters>
			<Stones>
				<string>o</string>
				<string>t</string>
				<string>ç</string>
			<string spawnId="28">u</string><string spawnId="26">l</string><string spawnId="24"> </string></Stones>
    </Segment>
	<Segment SegmentTime="13" spawnIds="90,55,96">
		
		<MonsterRequiredLetters>
			<string>o</string>
			<string>t</string>
			<string>ç</string>
		<string>u</string><string>l</string><string> </string></MonsterRequiredLetters>
		<MonsterAllLetters>
		</MonsterAllLetters>
		<Stones>
			<string>o</string>
			<string>t</string>
			<string>ç</string>
		<string spawnId="26">u</string><string spawnId="28">l</string><string spawnId="22"> </string></Stones>
    </Segment>
	<Segment SegmentTime="13" spawnIds="89,54,95">
		
		<MonsterRequiredLetters>
			<string>k</string>
			<string>o</string>
			<string>ş</string>
		</MonsterRequiredLetters>
		<MonsterAllLetters>
		</MonsterAllLetters>
		<Stones>
			<string>k</string>
			<string>o</string>
			<string>ş</string>
		</Stones>
    </Segment>
	<Segment SegmentTime="13" spawnIds="59,93,36">
		
		<MonsterRequiredLetters>
			<string>ş</string>
			<string>o</string>
			<string>k</string>
		<string>e</string></MonsterRequiredLetters>
		<MonsterAllLetters>
		</MonsterAllLetters>
		<Stones>
			<string>ş</string>
			<string>o</string>
			<string>k</string>
		<string spawnId="20">e</string></Stones>
	</Segment>
	<Segment SegmentTime="13" spawnIds="61,94,45">
		
		<MonsterRequiredLetters>
			<string>o</string>
			<string>t</string>
			<string>ç</string>
		<string>u</string><string>l</string><string> </string></MonsterRequiredLetters>
		<MonsterAllLetters>
		</MonsterAllLetters>
		<Stones>
			<string>o</string>
			<string>t</string>
			<string>ç</string>
		<string spawnId="28">u</string><string spawnId="28">l</string><string spawnId="26"> </string></Stones>
    </Segment>
  </Segments>
</XMLLevel>