<XMLLevel CollectableMonster="" HideCallout="1" LettersGroup="6" SegmentTime="10" StoneType="1" monsterInputType="SoundWord">
	<Segments>
		<Segment SegmentTime="10" spawnIds="">
			
			<MonsterRequiredLetters>
				<string>ş</string>
				<string>o</string>
				<string>k</string>
			<string>e</string></MonsterRequiredLetters>
			<MonsterAllLetters>
			</MonsterAllLetters>
			<Stones>
				<string spawnId="81">ç</string>
				<string spawnId="55">t</string>
				<string spawnId="90">j</string>
				<string spawnId="60">ş</string>
				<string spawnId="89">o</string>
				<string spawnId="54">k</string>
				<string spawnId="84">e</string>
			</Stones>
    </Segment>
	<Segment SegmentTime="10" spawnIds="81,55,90,60,89,54,84">
		
		<MonsterRequiredLetters>
			<string>ş</string>
			<string>o</string>
			<string>k</string>
		<string>e</string></MonsterRequiredLetters>
		<MonsterAllLetters>
		</MonsterAllLetters>
		<Stones>
			<string>ç</string>
			<string>j</string>
			<string>ç</string>
			<string>ş</string>
			<string>o</string>
			<string>k</string>
			<string>e</string>
		</Stones>
    </Segment>
	<Segment SegmentTime="10" spawnIds="81,55,90,60,89,54,84">
		
		<MonsterRequiredLetters>
			<string>t</string>
			<string>o</string>
			<string>k</string>
		<string>a</string><string>t</string></MonsterRequiredLetters>
		<MonsterAllLetters>
		</MonsterAllLetters>
		<Stones>
			<string>ç</string>
			<string>ç</string>
			<string>t</string>
			<string>o</string>
			<string>k</string>
			<string>a</string>
			<string>t</string>
		</Stones>
    </Segment>
	<Segment SegmentTime="10" spawnIds="81,55,90,60,89,54,84">
		
		<MonsterRequiredLetters>
			<string>k</string>
			<string>o</string>
			<string>ç</string>
		</MonsterRequiredLetters>
		<MonsterAllLetters>
		</MonsterAllLetters>
		<Stones>
			<string>j</string>
			<string>t</string>
			<string>ş</string>
			<string>j</string>       
			<string>k</string>
			<string>o</string>
			<string>ç</string>
		</Stones>
	</Segment>
	<Segment SegmentTime="10" spawnIds="81,55,90,60,89,54,84">
		
		<MonsterRequiredLetters>
			<string>j</string>
			<string>o</string>
			<string>k</string>
		<string>e</string><string>r</string></MonsterRequiredLetters>
		<MonsterAllLetters>
		</MonsterAllLetters>
		<Stones>
			<string>ç</string>
			<string>ş</string>
			<string>j</string>
			<string>o</string>
			<string>k</string>
			<string>e</string>
			<string>r</string>
		</Stones>
    </Segment>
  </Segments>
</XMLLevel>