<XMLLevel CollectableMonster="" HideCallout="-1" LettersGroup="1" SegmentTime="13" StoneType="1" monsterInputType="SoundWord">
	<Segments>
		<Segment SegmentTime="13" spawnIds="">
			
			<MonsterRequiredLetters>
				<string>k</string>
				<string>o</string>
				<string>ç</string>
			</MonsterRequiredLetters>
			<MonsterAllLetters>
			</MonsterAllLetters>
			<Stones>
				<string spawnId="6">k</string>
				<string spawnId="93">o</string>
				<string spawnId="25">ç</string>
			</Stones>
    </Segment>
	<Segment SegmentTime="13" spawnIds="">
		
		<MonsterRequiredLetters>
			<string>j</string>
			<string>o</string>
			<string>k</string>
		<string>e</string><string>r</string></MonsterRequiredLetters>
		<MonsterAllLetters>
		</MonsterAllLetters>
		<Stones>
			<string spawnId="7">j</string>
			<string spawnId="94">o</string>
			<string spawnId="28">k</string>
		<string spawnId="28">e</string><string spawnId="28">r</string></Stones>
    </Segment>
	<Segment SegmentTime="13" spawnIds="">
		
		<MonsterRequiredLetters>
			<string>ç</string>
			<string>o</string>
			<string>c</string>
		<string>u</string><string>k</string></MonsterRequiredLetters>
		<MonsterAllLetters>
		</MonsterAllLetters>
		<Stones>
			<string spawnId="25">ç</string>
			<string spawnId="93">o</string>
			<string spawnId="6">c</string>
		<string spawnId="20">u</string><string spawnId="22">k</string></Stones>
    </Segment>
	<Segment SegmentTime="13" spawnIds="">
		
		<MonsterRequiredLetters>
			<string>ç</string>
			<string>o</string>
			<string>c</string>
		<string>u</string><string>k</string></MonsterRequiredLetters>
		<MonsterAllLetters>
		</MonsterAllLetters>
		<Stones>
			<string spawnId="28">ç</string>
			<string spawnId="94">o</string>
			<string spawnId="7">c</string>
		<string spawnId="28">u</string><string spawnId="28">k</string></Stones>
	</Segment>
	<Segment SegmentTime="13" spawnIds="">
		
		<MonsterRequiredLetters>
			<string>k</string>
			<string>o</string>
			<string>ş</string>
		</MonsterRequiredLetters>
		<MonsterAllLetters>
		</MonsterAllLetters>
		<Stones>
			<string spawnId="94">k</string>
			<string spawnId="59">o</string>
			<string spawnId="93">ş</string>
			<string bonusScore="175" spawnId="61">BonusLetter</string>
		</Stones>
    </Segment>
  </Segments>
</XMLLevel>