<XMLLevel CollectableMonster="" HideCallout="2" LettersGroup="4" SegmentTime="10" StoneType="1" monsterInputType="LetterInWord">
  <Segments>
    <Segment SegmentTime="10" spawnIds="5,4,74,75,56,57,87,86,60">
      
	  <MonsterRequiredLetters>
		<string>r</string>
	  </MonsterRequiredLetters>
	  <MonsterAllLetters>
		<string>X</string>
		<string>u</string>
		<string>l</string>
	  <string>o</string></MonsterAllLetters>
	  <Stones>
        <string>n</string>
        <string>z</string>
        <string>n</string>
		<string>n</string>
		<string>u</string>
		<string>z</string>
		<string>u</string>
		<string>u</string>
		<string>r</string>
      </Stones>
    </Segment>
	<Segment SegmentTime="10" spawnIds="5,4,74,75,56,57,87,86,60">
      
	  <MonsterRequiredLetters>
		<string>r</string>
	  </MonsterRequiredLetters>
	  <MonsterAllLetters>
		<string>X</string>
		<string>u</string>
		<string>l</string>
	  <string>o</string></MonsterAllLetters>
	  <Stones>
        <string>n</string>
        <string>n</string>
        <string>z</string>
		<string>n</string>
		<string>l</string>
		<string>n</string>
		<string>n</string>
		<string>l</string>
		<string>r</string>
      </Stones>
    </Segment>
	<Segment SegmentTime="10" spawnIds="5,4,74,75,56,57,87,86,60">
      
	  <MonsterRequiredLetters>
		<string>z</string>
	  </MonsterRequiredLetters>
	  <MonsterAllLetters>
		<string>X</string>
		<string>u</string>
		<string>r</string>
	  <string>n</string><string>a</string></MonsterAllLetters>
	  <Stones>
        <string>n</string>
        <string>u</string>
        <string>u</string>
		<string>r</string>
		<string>u</string>
		<string>l</string>
		<string>l</string>
		<string>l</string>
		<string>z</string>
      </Stones>
    </Segment>
	<Segment SegmentTime="10" spawnIds="5,4,74,75,56,57,87,86,60">
      
	  <MonsterRequiredLetters>
		<string>r</string>
	  </MonsterRequiredLetters>
	  <MonsterAllLetters>
		<string>X</string>
		<string>u</string>
		<string>l</string>
	  <string>o</string></MonsterAllLetters>
	  <Stones>
        <string>l</string>
        <string>l</string>
        <string>u</string>
		<string>u</string>
		<string>u</string>
		<string>n</string>
		<string>n</string>
		<string>u</string>
		<string>r</string>
      </Stones>
    </Segment>
	<Segment SegmentTime="10" spawnIds="5,4,74,75,56,57,87,86,60">
      
	  <MonsterRequiredLetters>
		<string>r</string>
	  </MonsterRequiredLetters>
	  <MonsterAllLetters>
		<string>X</string>
		<string>u</string>
		<string>l</string>
	  <string>o</string></MonsterAllLetters>
	  <Stones>
        <string>l</string>
        <string>u</string>
        <string>u</string>
		<string>z</string>
		<string>z</string>
		<string>n</string>
		<string>l</string>
		<string>z</string>
		<string>r</string>
      </Stones>
    </Segment>
  </Segments>
</XMLLevel>