<XMLLevel CollectableMonster="" HideCallout="-1" LettersGroup="1" SegmentTime="11" StoneType="1" monsterInputType="Letter">
  <Segments>
    <Segment SegmentTime="11" spawnIds="6,7">
    	
    	<MonsterRequiredLetters>
    		<string>p</string>
    	</MonsterRequiredLetters>
    	<MonsterAllLetters>
    	</MonsterAllLetters>
    	<Stones>
    		<string>m</string>
    		<string>p</string>
    	</Stones>
	</Segment>
	<Segment SegmentTime="11" spawnIds="91,92">
		
		<MonsterRequiredLetters>
			<string>b</string>
		</MonsterRequiredLetters>
	  	<MonsterAllLetters>
	  	</MonsterAllLetters>
	  	<Stones>
        	<string>m</string>
        	<string>b</string>
      	</Stones>
    </Segment>
	<Segment SegmentTime="11" spawnIds="8,9">
		
      	<MonsterRequiredLetters>
			<string>a</string>
	  	</MonsterRequiredLetters>
	  	<MonsterAllLetters>
	  	</MonsterAllLetters>
	  	<Stones>
			<string>m</string>
	        <string>a</string>
      	<string spawnId="24"> </string></Stones>
	</Segment>
	<Segment SegmentTime="11" spawnIds="93,94">
		
      	<MonsterRequiredLetters>
			<string>h</string>
	  	</MonsterRequiredLetters>
	  	<MonsterAllLetters>
	  	</MonsterAllLetters>
	  	<Stones>
	        <string>b</string>
	        <string>h</string>
      	</Stones>
    </Segment>
	<Segment SegmentTime="11" spawnIds="21,22,60">
		
      	<MonsterRequiredLetters>
			<string>b</string>
	  	</MonsterRequiredLetters>
	  	<MonsterAllLetters>
	  	</MonsterAllLetters>
	  	<Stones>
	        <string>m</string>
	        <string>b</string>
			<string bonusScore="125">BonusLetter</string>
      	</Stones>
	</Segment>
  </Segments>
</XMLLevel>