<XMLLevel CollectableMonster="" HideCallout="2" LettersGroup="4" SegmentTime="9" StoneType="1" monsterInputType="LetterInWord">
  <Segments>
    <Segment SegmentTime="10" spawnIds="5,4,74,75,56,57,87,86,60">
      
	  <MonsterRequiredLetters>
		<string>z</string>
	  </MonsterRequiredLetters>
	  <MonsterAllLetters>
		<string>X</string>
		<string>u</string>
		<string>r</string>
	  <string>n</string><string>a</string></MonsterAllLetters>
	  <Stones>
        <string>u</string>
        <string>r</string>
        <string>u</string>
		<string>r</string>
		<string>n</string>
        <string>n</string>
		<string>n</string>
		<string>n</string>
		<string>z</string>
      </Stones>
    </Segment>
	<Segment SegmentTime="10" spawnIds="5,4,74,75,56,57,87,86,60">
      
	  <MonsterRequiredLetters>
		<string>u</string>
	  </MonsterRequiredLetters>
	  <MonsterAllLetters>
		<string>X</string>
		<string>l</string>
		<string>u</string>
	  <string>s</string><string>a</string><string>l</string></MonsterAllLetters>
	  <Stones>
        <string spawnId="11">r</string>
        <string spawnId="15">l</string>
        <string spawnId="19">r</string>
		<string spawnId="12">l</string>
		<string spawnId="14">z</string>
        <string spawnId="18">l</string>
		<string spawnId="21">z</string>
		<string spawnId="22">r</string>
		<string spawnId="26">u</string>
      </Stones>
    </Segment>
	<Segment SegmentTime="10" spawnIds="5,4,74,75,56,57,87,86,60">
      
	  <MonsterRequiredLetters>
		<string>z</string>
	  </MonsterRequiredLetters>
	  <MonsterAllLetters>
		<string>X</string>
		<string>u</string>
		<string>r</string>
	  <string>n</string><string>a</string></MonsterAllLetters>
	  <Stones>
        <string>n</string>
        <string>r</string>
        <string>l</string>
		<string>l</string>
		<string>n</string>
        <string>r</string>
		<string>u</string>
		<string>u</string>
		<string>z</string>
      </Stones>
    </Segment>
	<Segment SegmentTime="10" spawnIds="5,4,74,75,56,57,87,86,60">
      
	  <MonsterRequiredLetters>
		<string>n</string>
	  </MonsterRequiredLetters>
	  <MonsterAllLetters>
		<string>X</string>
		<string>u</string>
		<string>t</string>
	  <string>u</string><string>k</string></MonsterAllLetters>
	  <Stones>
        <string spawnId="20">r</string>
        <string spawnId="33">u</string>
        <string spawnId="23">l</string>
		<string spawnId="28">r</string>
		<string spawnId="25">l</string>
		<string spawnId="32">u</string>
		<string spawnId="21">l</string>
		<string spawnId="22">l</string>
		<string spawnId="12">n</string>
      </Stones>
    </Segment>
	<Segment SegmentTime="10" spawnIds="5,4,74,75,56,57,87,86,60">
      
	  <MonsterRequiredLetters>
		<string>l</string>
	  </MonsterRequiredLetters>
	  <MonsterAllLetters>
		<string>X</string>
		<string>u</string>
		<string>r</string>
	  <string>n</string><string>a</string></MonsterAllLetters>
	  <Stones>
        <string>u</string>
        <string>r</string>
        <string>z</string>
		<string>u</string>
		<string>z</string>
		<string>r</string>
		<string>z</string>
		<string>n</string>
		<string>l</string>
      </Stones>
    </Segment>
  </Segments>
</XMLLevel>