<XMLLevel CollectableMonster="" HideCallout="1" LettersGroup="6" SegmentTime="10" StoneType="1" monsterInputType="Word">
	<Segments>
		<Segment SegmentTime="10" spawnIds="">
			
			<MonsterRequiredLetters>
				<string>ş</string>
				<string>o</string>
			<string>k</string><string>e</string></MonsterRequiredLetters>
			<MonsterAllLetters>
			</MonsterAllLetters>
			<Stones>
				<string spawnId="56">j</string>
				<string spawnId="1">t</string>
				<string spawnId="0">t</string>
				<string spawnId="60">j</string>
				<string spawnId="75">ş</string>
				<string spawnId="74">o</string>
				<string spawnId="57">k</string>
				<string spawnId="87">e</string>
				<string bonusScore="275" spawnId="86">BonusLetter</string>
			</Stones>
    </Segment>
	<Segment SegmentTime="10" spawnIds="">
		
		<MonsterRequiredLetters>
			<string>o</string>
			<string>t</string>
			<string>ç</string>
		<string>u</string><string>l</string><string> </string></MonsterRequiredLetters>
		<MonsterAllLetters>
		</MonsterAllLetters>
		<Stones>
			<string spawnId="57">j</string>
			<string spawnId="0">j</string>
			<string spawnId="1">o</string>
			<string spawnId="74">t</string>
			<string spawnId="75">ç</string>
			<string spawnId="56">u</string>
			<string spawnId="86">l</string>
			<string spawnId="87"> </string>
			<string bonusScore="275" spawnId="60">BonusLetter</string>
		</Stones>
    </Segment>
	<Segment SegmentTime="10" spawnIds="">
		
		<MonsterRequiredLetters>
			<string>o</string>
			<string>t</string>
			<string>ç</string>
		<string>u</string><string>l</string><string> </string></MonsterRequiredLetters>
		<MonsterAllLetters>
		</MonsterAllLetters>
		<Stones>
			<string spawnId="21">ş</string>
			<string spawnId="2">j</string>
			<string spawnId="86">o</string>
			<string spawnId="87">t</string>
			<string spawnId="73">ç</string>
			<string spawnId="76">u</string>
			<string spawnId="22">l</string>
			<string spawnId="60"> </string>
			<string bonusScore="275" spawnId="3">BonusLetter</string>
		</Stones>
    </Segment>
	<Segment SegmentTime="10" spawnIds="">
		
		<MonsterRequiredLetters>
			<string>j</string>
			<string>o</string>
			<string>k</string>
		<string>e</string><string>r</string></MonsterRequiredLetters>
		<MonsterAllLetters>
		</MonsterAllLetters>
		<Stones>
			<string spawnId="22">ş</string>
			<string spawnId="2">ç</string>
			<string spawnId="87">t</string>
			<string spawnId="86">j</string>       
			<string spawnId="76">o</string>
			<string spawnId="73">k</string>
			<string spawnId="21">e</string>
			<string spawnId="3">r</string>
			<string bonusScore="275" spawnId="60">BonusLetter</string>
		</Stones>
	</Segment>
	<Segment SegmentTime="10" spawnIds="">
		
		<MonsterRequiredLetters>
			<string>o</string>
			<string>t</string>
		<string>ç</string><string>u</string><string>l</string><string> </string></MonsterRequiredLetters>
		<MonsterAllLetters>
		</MonsterAllLetters>
		<Stones>
			<string spawnId="93">j</string>
			<string spawnId="94">j</string>
			<string spawnId="16">o</string>
			<string spawnId="17">t</string>
			<string spawnId="60">ç</string>
			<string spawnId="86">u</string>
			<string spawnId="10">l</string>
			<string spawnId="13"> </string>
			<string bonusScore="275" spawnId="87">BonusLetter</string>
		</Stones>
    </Segment>
  </Segments>
</XMLLevel>