<XMLLevel CollectableMonster="" HideCallout="5" LettersGroup="3" SegmentTime="10" StoneType="1" monsterInputType="Letter">
  <Segments>
    <Segment SegmentTime="10" spawnIds="">
    	
    	<MonsterRequiredLetters>
    		<string>c</string>
    	</MonsterRequiredLetters>
    	<MonsterAllLetters>
    	</MonsterAllLetters>
    	<Stones>
    		<string spawnId="86">d</string>
    		<string spawnId="75">k</string>
    		<string spawnId="87">d</string>
			<string spawnId="93">s</string>
			<string spawnId="74">k</string>
			<string spawnId="94">c</string>
    	</Stones>
	</Segment>
	<Segment SegmentTime="10" spawnIds="86,75,87,93,74,94">
		
		<MonsterRequiredLetters>
			<string>i</string>
		</MonsterRequiredLetters>
	  	<MonsterAllLetters>
	  	</MonsterAllLetters>
	  	<Stones>
        	<string>s</string>
        	<string>d</string>
        	<string>s</string>
			<string>k</string>
			<string>s</string>
			<string>i</string>
      	</Stones>
    </Segment>
	<Segment SegmentTime="10" spawnIds="">
		
      	<MonsterRequiredLetters>
			<string>d</string>
	  	</MonsterRequiredLetters>
	  	<MonsterAllLetters>
	  	</MonsterAllLetters>
	  	<Stones>
			<string spawnId="73">c</string>
	        <string spawnId="76">i</string>
	        <string delayIn="0" delayRepet="0" loop="true" spawnId="66,82,66" speed="125">i</string>
			<string spawnId="20">c</string>
			<string delayIn="0" delayRepet="0" loop="true" spawnId="83,67,83" speed="25">k</string>
			<string spawnId="23">d</string>
			<string spawnId="15">MagnetLetter</string>
			<string bonusScore="275" spawnId="14">BonusLetter</string>
      	</Stones>
	</Segment>
	<Segment SegmentTime="10" spawnIds="">
		
      	<MonsterRequiredLetters>
			<string>k</string>
	  	</MonsterRequiredLetters>
	  	<MonsterAllLetters>
	  	</MonsterAllLetters>
	  	<Stones>
	        <string spawnId="73">d</string>
	        <string spawnId="76">s</string>
	        <string delayIn="0" delayRepet="0" loop="true" spawnId="66,82,66" speed="125">d</string>
			<string spawnId="20">s</string>
			<string delayIn="0" delayRepet="0" loop="true" spawnId="83,67,83" speed="25">s</string>
			<string spawnId="23">k</string>
			<string spawnId="14">MagnetLetter</string>
			<string bonusScore="275" spawnId="15">BonusLetter</string>
      	</Stones>
    </Segment>
	<Segment SegmentTime="10" spawnIds="">
		
      	<MonsterRequiredLetters>
			<string>d</string>
	  	</MonsterRequiredLetters>
	  	<MonsterAllLetters>
	  	</MonsterAllLetters>
	  	<Stones>
	        <string spawnId="65">k</string>
	        <string spawnId="68">c</string>
	        <string spawnId="6">k</string>
			<string spawnId="7">d</string>
			<string delayIn="0" delayRepet="0" loop="true" spawnId="77,80,77" speed="150">BonusLetter</string>
			<string delayIn="0" delayRepet="0" loop="true" spawnId="24,29,24" speed="150">BonusLetter</string>
      	</Stones>
	</Segment>
  </Segments>
</XMLLevel>