<XMLLevel CollectableMonster="" HideCallout="1" LettersGroup="5" SegmentTime="12" StoneType="2" monsterInputType="Word">
	<Segments>
		<Segment SegmentTime="12" spawnIds="">
			
			<MonsterRequiredLetters>
				<string>k</string>
				<string>o</string>
				<string>ş</string>
			</MonsterRequiredLetters>
			<MonsterAllLetters>
			</MonsterAllLetters>
			<Stones>
				<string spawnId="58">t</string>
				<string spawnId="6">t</string>
				<string spawnId="62">j</string>
				<string spawnId="63">t</string>
				<string spawnId="7">k</string>
				<string spawnId="64">o</string>
				<string spawnId="93">ş</string>
				<string bonusScore="275" spawnId="94">BonusLetter</string>
			</Stones>
    </Segment>
	<Segment SegmentTime="12" spawnIds="">
		
		<MonsterRequiredLetters>
			<string>k</string>
			<string>o</string>
		<string>ş</string></MonsterRequiredLetters>
		<MonsterAllLetters>
		</MonsterAllLetters>
		<Stones>
			<string spawnId="93">ç</string>
			<string spawnId="70">t</string>
			<string spawnId="60">k</string>
			<string spawnId="71">o</string>
			<string spawnId="94">ş</string>
		</Stones>
    </Segment>
	<Segment SegmentTime="12" spawnIds="">
		
		<MonsterRequiredLetters>
			<string>o</string>
			<string>t</string>
			<string>ç</string>
		<string>u</string><string>l</string><string> </string></MonsterRequiredLetters>
		<MonsterAllLetters>
		</MonsterAllLetters>
		<Stones>
			<string spawnId="5">ş</string>
			<string spawnId="86">o</string>
			<string spawnId="23">t</string>
			<string spawnId="87">ç</string>
			<string spawnId="4">u</string>
			<string spawnId="91">l</string>
			<string spawnId="92"> </string>
			<string bonusScore="275" spawnId="20">BonusLetter</string>	
		</Stones>
    </Segment>
	<Segment SegmentTime="12" spawnIds="">
		
		<MonsterRequiredLetters>
			<string>k</string>
			<string>o</string>
		<string>ç</string></MonsterRequiredLetters>
		<MonsterAllLetters>
		</MonsterAllLetters>
		<Stones>
			<string spawnId="93">t</string>
			<string spawnId="70">ş</string>
			<string spawnId="60">k</string>
			<string spawnId="71">o</string>
			<string spawnId="94">ç</string>
		</Stones>
	</Segment>
	<Segment SegmentTime="12" spawnIds="">
		
		<MonsterRequiredLetters>
			<string>o</string>
			<string>j</string>
			<string>e</string>
		</MonsterRequiredLetters>
		<MonsterAllLetters>
		</MonsterAllLetters>
		<Stones>
			<string spawnId="63">ç</string>
			<string spawnId="62">t</string>
			<string spawnId="58">ş</string>
			<string spawnId="79">ç</string>
			<string spawnId="45">o</string>
			<string spawnId="64">j</string>
			<string spawnId="36">e</string>
			<string bonusScore="275" spawnId="78">BonusLetter</string>
		</Stones>
    </Segment>
  </Segments>
</XMLLevel>