<XMLLevel CollectableMonster="" HideCallout="3" LettersGroup="4" SegmentTime="10" StoneType="1" monsterInputType="Letter">
  <Segments>
    <Segment SegmentTime="10" spawnIds="">
    	
    	<MonsterRequiredLetters>
    		<string>r</string>
    	</MonsterRequiredLetters>
    	<MonsterAllLetters>
    	</MonsterAllLetters>
    	<Stones>
    		<string spawnId="87">l</string>
			<string spawnId="78">u</string>
    		<string spawnId="64">n</string>
			<string spawnId="60">u</string>
			<string spawnId="36">z</string>
			<string spawnId="79">u</string>
			<string spawnId="86">z</string>
			<string spawnId="63">n</string>
			<string spawnId="45">r</string>
    	</Stones>
	</Segment>
	<Segment SegmentTime="10" spawnIds="">
		
		<MonsterRequiredLetters>
			<string>z</string>
		</MonsterRequiredLetters>
	  	<MonsterAllLetters>
	  	</MonsterAllLetters>
	  	<Stones>
        	<string spawnId="18">n</string>
			<string spawnId="19">r</string>
			<string spawnId="36">n</string>
			<string spawnId="45">n</string>
			<string spawnId="57">u</string>
			<string spawnId="56">z</string>
			<string spawnId="8">Shield</string>
			<string bonusScore="275" spawnId="9">BonusLetter</string>
      	</Stones>
    </Segment>
	<Segment SegmentTime="10" spawnIds="">
		
      	<MonsterRequiredLetters>
			<string>z</string>
	  	</MonsterRequiredLetters>
	  	<MonsterAllLetters>
	  	</MonsterAllLetters>
	  	<Stones>
			<string spawnId="10">r</string>
	        <string spawnId="61">l</string>
			<string spawnId="71">r</string>
			<string spawnId="54">u</string>
			<string spawnId="96">n</string>
			<string spawnId="13">l</string>
			<string spawnId="95">l</string>
			<string spawnId="55">l</string>
			<string spawnId="70">z</string>
      	</Stones>
	</Segment>
	<Segment SegmentTime="10" spawnIds="">
		
      	<MonsterRequiredLetters>
			<string>r</string>
	  	</MonsterRequiredLetters>
	  	<MonsterAllLetters>
	  	</MonsterAllLetters>
	  	<Stones>
	        <string spawnId="20">u</string>
			<string spawnId="23">l</string>
			<string spawnId="54">z</string>
			<string spawnId="55">l</string>
			<string spawnId="58">u</string>
			<string spawnId="62">r</string>
			<string spawnId="21">Shield</string>
			<string bonusScore="275" spawnId="22">BonusLetter</string>
      	</Stones>
    </Segment>
	<Segment SegmentTime="10" spawnIds="87,78,64,60,36,79,86,63,45">
		
      	<MonsterRequiredLetters>
			<string>z</string>
	  	</MonsterRequiredLetters>
	  	<MonsterAllLetters>
	  	</MonsterAllLetters>
	  	<Stones>
	        <string>r</string>
			<string>l</string>
			<string>l</string>
			<string>u</string>
			<string>l</string>
			<string>u</string>
			<string>r</string>
			<string>u</string>
			<string>z</string>
      	</Stones>
	</Segment>
  </Segments>
</XMLLevel>