<XMLLevel CollectableMonster="" HideCallout="1" LettersGroup="6" SegmentTime="9" StoneType="1" monsterInputType="Letter">
  <Segments>
    <Segment SegmentTime="9" spawnIds="">
    	
    	<MonsterRequiredLetters>
    		<string>ş</string>
    	</MonsterRequiredLetters>
    	<MonsterAllLetters>
    	</MonsterAllLetters>
    	<Stones>
    		<string spawnId="86">ç</string>
    		<string spawnId="75">ç</string>
			<string spawnId="66">ç</string>
			<string spawnId="87">o</string>
			<string spawnId="74">t</string>
			<string spawnId="67">t</string>
			<string spawnId="22">j</string>
			<string spawnId="69">o</string>
			<string spawnId="72">t</string>
			<string spawnId="21">ş</string>
    	</Stones>
	</Segment>
	<Segment SegmentTime="9" spawnIds="">
		
		<MonsterRequiredLetters>
			<string>ş</string>
		</MonsterRequiredLetters>
	  	<MonsterAllLetters>
	  	</MonsterAllLetters>
	  	<Stones>
        	<string spawnId="87">ç</string>
			<string spawnId="74">ç</string>
			<string spawnId="67">o</string>
			<string spawnId="86">o</string>
			<string spawnId="75">ç</string>
			<string spawnId="66">j</string>
			<string spawnId="21">ç</string>
			<string spawnId="72">t</string>
			<string spawnId="69">ş</string>
			<string bonusScore="270" spawnId="22">BonusLetter</string>
      	</Stones>
    </Segment>
	<Segment SegmentTime="9" spawnIds="">
		
      	<MonsterRequiredLetters>
			<string>ş</string>
	  	</MonsterRequiredLetters>
	  	<MonsterAllLetters>
	  	</MonsterAllLetters>
	  	<Stones>
			<string spawnId="3">ç</string>
	        <string spawnId="91">t</string>
			<string spawnId="86">j</string>
			<string spawnId="2">ç</string>
			<string spawnId="92">o</string>
			<string spawnId="56">ç</string>
			<string spawnId="4">ç</string>
			<string spawnId="87">o</string>
			<string spawnId="57">j</string>
			<string spawnId="5">ş</string>
      	</Stones>
	</Segment>
	<Segment SegmentTime="9" spawnIds="">
		
      	<MonsterRequiredLetters>
			<string>j</string>
	  	</MonsterRequiredLetters>
	  	<MonsterAllLetters>
	  	</MonsterAllLetters>
	  	<Stones>
	        <string spawnId="2">o</string>
			<string spawnId="92">ç</string>
			<string spawnId="87">ş</string>
			<string spawnId="3">ç</string>
			<string spawnId="91">o</string>
			<string spawnId="57">ç</string>
			<string spawnId="5">o</string>
			<string spawnId="86">t</string>
			<string spawnId="56">j</string>
			<string bonusScore="270" spawnId="4">BonusLetter</string>
      	</Stones>
    </Segment>
	<Segment SegmentTime="9" spawnIds="">
		
      	<MonsterRequiredLetters>
			<string>j</string>
	  	</MonsterRequiredLetters>
	  	<MonsterAllLetters>
	  	</MonsterAllLetters>
	  	<Stones>
	        <string spawnId="59">t</string>
			<string spawnId="19">o</string>
			<string spawnId="71">ç</string>
			<string spawnId="61">o</string>
			<string spawnId="18">ş</string>
			<string spawnId="70">ç</string>
			<string spawnId="79">ş</string>
			<string spawnId="2">ş</string>
			<string spawnId="3">ş</string>
			<string spawnId="78">j</string>
      	</Stones>
	</Segment>
  </Segments>
</XMLLevel>