<XMLLevel CollectableMonster="" HideCallout="4" LettersGroup="3" SegmentTime="12" StoneType="1" monsterInputType="Word">
	<Segments>
		<Segment SegmentTime="12" spawnIds="">
			
			<MonsterRequiredLetters>
				<string>j</string>
				<string>o</string>
			<string>k</string><string>e</string><string>r</string></MonsterRequiredLetters>
			<MonsterAllLetters>
			</MonsterAllLetters>
			<Stones>
				<string spawnId="82">j</string>
				<string spawnId="55">o</string>
				<string spawnId="83">k</string>
				<string spawnId="54">e</string>
				<string bonusScore="275" spawnId="60">BonusLetter</string>
			</Stones>
    </Segment>
	<Segment SegmentTime="12" spawnIds="">
		
		<MonsterRequiredLetters>
			<string>j</string>
			<string>o</string>
			<string>k</string>
		<string>e</string><string>r</string></MonsterRequiredLetters>
		<MonsterAllLetters>
		</MonsterAllLetters>
		<Stones>
			<string spawnId="21">j</string>
			<string spawnId="89">o</string>
			<string spawnId="90">k</string>
			<string spawnId="22">e</string>
			<string spawnId="60">MagnetLetter</string>
		</Stones>
    </Segment>
	<Segment SegmentTime="12" spawnIds="4,5,54,55">
		
		<MonsterRequiredLetters>
			<string>ç</string>
			<string>o</string>
		<string>c</string><string>u</string><string>k</string></MonsterRequiredLetters>
		<MonsterAllLetters>
		</MonsterAllLetters>
		<Stones>
			<string>ç</string>
			<string>o</string>
			<string>c</string>
			<string>u</string>
		<string spawnId="26">k</string></Stones>
    </Segment>
	<Segment SegmentTime="12" spawnIds="70,71,56,57">
		
		<MonsterRequiredLetters>
			<string>ç</string>
			<string>o</string>
			<string>c</string>
		<string>u</string><string>k</string></MonsterRequiredLetters>
		<MonsterAllLetters>
		</MonsterAllLetters>
		<Stones>
			<string>ç</string>
			<string>o</string>
			<string>c</string>
			<string>u</string>
		<string spawnId="26">k</string></Stones>
	</Segment>
	<Segment SegmentTime="12" spawnIds="">
		
		<MonsterRequiredLetters>
			<string>t</string>
			<string>o</string>
			<string>k</string>
		<string>a</string><string>t</string></MonsterRequiredLetters>
		<MonsterAllLetters>
		</MonsterAllLetters>
		<Stones>
			<string spawnId="25">t</string>
			<string spawnId="75">o</string>
			<string spawnId="74">k</string>
			<string spawnId="28">a</string>
			<string spawnId="60">MagnetLetter</string>
		</Stones>
    </Segment>
  </Segments>
</XMLLevel>