<XMLLevel CollectableMonster="" HideCallout="-1" LettersGroup="2" SegmentTime="11" StoneType="1" monsterInputType="Letter">
  <Segments>
    <Segment SegmentTime="11" spawnIds="">
    	
    	<MonsterRequiredLetters>
    		<string>v</string>
    	</MonsterRequiredLetters>
    	<MonsterAllLetters>
    	</MonsterAllLetters>
    	<Stones>
    		<string spawnId="67">f</string>
    		<string spawnId="77">y</string>
    		<string spawnId="45">f</string>
			<string spawnId="36">e</string>
			<string spawnId="80">e</string>
			<string spawnId="66">v</string>
    	</Stones>
	</Segment>
	<Segment SegmentTime="11" spawnIds="67,77,45,36,80,66">
		
		<MonsterRequiredLetters>
			<string>v</string>
		</MonsterRequiredLetters>
	  	<MonsterAllLetters>
	  	</MonsterAllLetters>
	  	<Stones>
        	<string>g</string>
        	<string>y</string>
        	<string>y</string>
			<string>f</string>
			<string>f</string>
			<string>v</string>
      	</Stones>
    </Segment>
	<Segment SegmentTime="11" spawnIds="">
		
      	<MonsterRequiredLetters>
			<string>g</string>
	  	</MonsterRequiredLetters>
	  	<MonsterAllLetters>
	  	</MonsterAllLetters>
	  	<Stones>
			<string spawnId="76">y</string>
	        <string spawnId="73">f</string>
	        <string spawnId="70">v</string>
			<string spawnId="78">g</string>
			<string bonusScore="100" spawnId="71">BonusLetter</string>
			<string bonusScore="100" spawnId="79">BonusLetter</string>
      	</Stones>
	</Segment>
	<Segment SegmentTime="11" spawnIds="">
		
      	<MonsterRequiredLetters>
			<string>y</string>
	  	</MonsterRequiredLetters>
	  	<MonsterAllLetters>
	  	</MonsterAllLetters>
	  	<Stones>
	        <string spawnId="73">e</string>
	        <string spawnId="76">v</string>
	        <string spawnId="71">f</string>
			<string spawnId="79">y</string>
			<string spawnId="70">FireWrongLetter</string>
			<string spawnId="78">FireWrongLetter</string>
      	</Stones>
    </Segment>
	<Segment SegmentTime="11" spawnIds="">
		
      	<MonsterRequiredLetters>
			<string>v</string>
	  	</MonsterRequiredLetters>
	  	<MonsterAllLetters>
	  	</MonsterAllLetters>
	  	<Stones>
	        <string spawnId="36">e</string>
	        <string spawnId="45">f</string>
	        <string spawnId="94">y</string>
			<string spawnId="93">v</string>
			<string bonusScore="100" spawnId="59">BonusLetter</string>
			<string bonusScore="100" spawnId="61">BonusLetter</string>
      	</Stones>
	</Segment>
  </Segments>
</XMLLevel>