<XMLLevel CollectableMonster="" HideCallout="5" LettersGroup="3" SegmentTime="10" StoneType="1" monsterInputType="Letter">
  <Segments>
    <Segment SegmentTime="10" spawnIds="">
    	
    	<MonsterRequiredLetters>
    		<string>k</string>
    	</MonsterRequiredLetters>
    	<MonsterAllLetters>
    	</MonsterAllLetters>
    	<Stones>
    		<string spawnId="22">c</string>
    		<string spawnId="4">c</string>
    		<string spawnId="76">i</string>
    		<string spawnId="21">c</string>
			<string spawnId="5">c</string>
			<string spawnId="73">k</string>	
    	</Stones>
	</Segment>
	<Segment SegmentTime="10" spawnIds="">
		
		<MonsterRequiredLetters>
			<string>s</string>
		</MonsterRequiredLetters>
	  	<MonsterAllLetters>
	  	</MonsterAllLetters>
	  	<Stones>
        	<string spawnId="19">i</string>
        	<string spawnId="18">i</string>
        	<string delayIn="0" delayRepet="0" loop="true" spawnId="11,86,11" speed="125">d</string>
        	<string delayIn="0" delayRepet="0" loop="true" spawnId="87,12,87" speed="125">k</string>
			<string spawnId="69">k</string>
			<string spawnId="72">c</string>
			<string spawnId="81">s</string>
			<string bonusScore="275" spawnId="84">BonusLetter</string>
      	</Stones>
    </Segment>
	<Segment SegmentTime="10" spawnIds="">
		
      	<MonsterRequiredLetters>
			<string>c</string>
	  	</MonsterRequiredLetters>
	  	<MonsterAllLetters>
	  	</MonsterAllLetters>
	  	<Stones>
			<string spawnId="25">s</string>
	        <string spawnId="45">k</string>
	        <string spawnId="93">d</string>
			<string spawnId="94">k</string>
			<string spawnId="36">d</string>
			<string spawnId="28">c</string>
      	</Stones>
	</Segment>
	<Segment SegmentTime="10" spawnIds="">
		
      	<MonsterRequiredLetters>
			<string>s</string>
	  	</MonsterRequiredLetters>
	  	<MonsterAllLetters>
	  	</MonsterAllLetters>
	  	<Stones>
	        <string spawnId="58">k</string>
	        <string delayIn="0" delayRepet="0" loop="true" spawnId="45,36,45" speed="150">d</string>
	        <string spawnId="62">i</string>
			<string delayIn="0" delayRepet="0" loop="true" spawnId="93,94,93" speed="150">d</string>
			<string spawnId="66">i</string>
			<string spawnId="67">c</string>
			<string spawnId="27">s</string>
			<string bonusScore="275" spawnId="26">BonusLetter</string>
      	</Stones>
    </Segment>
	<Segment SegmentTime="10" spawnIds="">
		
      	<MonsterRequiredLetters>
			<string>d</string>
	  	</MonsterRequiredLetters>
	  	<MonsterAllLetters>
	  	</MonsterAllLetters>
	  	<Stones>
	        <string spawnId="90">i</string>
	        <string spawnId="55">i</string>
	        <string spawnId="96">c</string>
			<string spawnId="89">i</string>
			<string spawnId="54">i</string>
			<string spawnId="95">d</string>
      	</Stones>
	</Segment>
  </Segments>
</XMLLevel>