<XMLLevel CollectableMonster="" HideCallout="-1" LettersGroup="2" SegmentTime="14" StoneType="2" monsterInputType="Word">
	<Segments>
		<Segment SegmentTime="14" spawnIds="21,60,22">
			
			<MonsterRequiredLetters>
				<string>ç</string>
				<string>o</string>
			<string>c</string><string>u</string><string>k</string></MonsterRequiredLetters>
			<MonsterAllLetters>
			</MonsterAllLetters>
			<Stones>
				<string>ç</string>
				<string>o</string>
				<string>c</string>
			<string spawnId="26">u</string><string spawnId="26">k</string></Stones>
    </Segment>
	<Segment SegmentTime="14" spawnIds="89,8,95">
		
		<MonsterRequiredLetters>
			<string>k</string>
			<string>o</string>
		<string>ç</string></MonsterRequiredLetters>
		<MonsterAllLetters>
		</MonsterAllLetters>
		<Stones>
			<string>k</string>
			<string>o</string>
			<string>ç</string>
		</Stones>
    </Segment>
	<Segment SegmentTime="14" spawnIds="90,9,96">
		
		<MonsterRequiredLetters>
			<string>ç</string>
			<string>o</string>
		<string>c</string><string>u</string><string>k</string></MonsterRequiredLetters>
		<MonsterAllLetters>
		</MonsterAllLetters>
		<Stones>
			<string>ç</string>
			<string>o</string>
			<string>c</string>
		<string spawnId="26">u</string><string spawnId="24">k</string></Stones>
    </Segment>
	<Segment SegmentTime="14" spawnIds="">
		
		<MonsterRequiredLetters>
			<string>o</string>
			<string>t</string>
		<string>ç</string><string>u</string><string>l</string><string> </string></MonsterRequiredLetters>
		<MonsterAllLetters>
		</MonsterAllLetters>
		<Stones>
			<string spawnId="93">o</string>
			<string spawnId="28">t</string>
			<string spawnId="94">ç</string>
			<string bonusScore="275" spawnId="25">BonusLetter</string>
		<string spawnId="22">u</string><string spawnId="24">l</string><string spawnId="24"> </string></Stones>
	</Segment>
	<Segment SegmentTime="14" spawnIds="">
		
		<MonsterRequiredLetters>
			<string>o</string>
			<string>t</string>
			<string>ç</string>
		<string>u</string><string>l</string><string> </string></MonsterRequiredLetters>
		<MonsterAllLetters>
		</MonsterAllLetters>
		<Stones>
			<string spawnId="93">o</string>
			<string spawnId="94">t</string>
			<string spawnId="28">ç</string>
			<string spawnId="25">MagnetLetter</string>
		<string spawnId="20">u</string><string spawnId="20">l</string><string spawnId="26"> </string></Stones>
    </Segment>
  </Segments>
</XMLLevel>