<XMLLevel CollectableMonster="" HideCallout="1" LettersGroup="5" SegmentTime="11" StoneType="1" monsterInputType="Word">
	<Segments>
		<Segment SegmentTime="11" spawnIds="">
			
			<MonsterRequiredLetters>
				<string>k</string>
				<string>o</string>
				<string>ç</string>
			</MonsterRequiredLetters>
			<MonsterAllLetters>
			</MonsterAllLetters>
			<Stones>
				<string spawnId="72">t</string>
				<string spawnId="81">j</string>
				<string spawnId="8">ş</string>
				<string spawnId="9">k</string>
				<string spawnId="69">o</string>
				<string spawnId="84">ç</string>
			</Stones>
    </Segment>
	<Segment SegmentTime="11" spawnIds="">
		
		<MonsterRequiredLetters>
			<string>j</string>
			<string>o</string>
			<string>k</string>
		<string>e</string><string>r</string></MonsterRequiredLetters>
		<MonsterAllLetters>
		</MonsterAllLetters>
		<Stones>
			<string spawnId="1">ç</string>
			<string spawnId="21">t</string>
			<string spawnId="91">j</string>
			<string spawnId="85">o</string>
			<string spawnId="88">k</string>
			<string spawnId="22">e</string>
			<string spawnId="92">r</string>
			<string bonusScore="275" spawnId="0">BonusLetter</string>
		</Stones>
    </Segment>
	<Segment SegmentTime="11" spawnIds="">
		
		<MonsterRequiredLetters>
			<string>k</string>
			<string>o</string>
			<string>ş</string>
		</MonsterRequiredLetters>
		<MonsterAllLetters>
		</MonsterAllLetters>
		<Stones>
			<string spawnId="72">t</string>
			<string spawnId="81">ç</string>
			<string spawnId="8">j</string>
			<string spawnId="9">k</string>
			<string spawnId="69">o</string>
			<string spawnId="84">ş</string>
		</Stones>
    </Segment>
	<Segment SegmentTime="11" spawnIds="">
		
		<MonsterRequiredLetters>
			<string>k</string>
			<string>o</string>
			<string>ş</string>
		</MonsterRequiredLetters>
		<MonsterAllLetters>
		</MonsterAllLetters>
		<Stones>
			<string spawnId="1">ç</string>
			<string spawnId="21">j</string>
			<string spawnId="91">t</string>    
			<string spawnId="85">ç</string>
			<string spawnId="88">k</string>
			<string spawnId="22">o</string>
			<string spawnId="92">ş</string>
			<string bonusScore="275" spawnId="0">BonusLetter</string>
		</Stones>
	</Segment>
	<Segment SegmentTime="11" spawnIds="">
		
		<MonsterRequiredLetters>
			<string>k</string>
			<string>o</string>
			<string>ş</string>
		</MonsterRequiredLetters>
		<MonsterAllLetters>
		</MonsterAllLetters>
		<Stones>
			<string spawnId="72">t</string>
			<string spawnId="81">j</string>
			<string spawnId="8">ç</string>
			<string spawnId="9">k</string>
			<string spawnId="69">o</string>
			<string spawnId="84">ş</string>
		</Stones>
    </Segment>
  </Segments>
</XMLLevel>