<XMLLevel CollectableMonster="" HideCallout="1" LettersGroup="6" SegmentTime="9" StoneType="1" monsterInputType="Letter">
  <Segments>
    <Segment SegmentTime="9" spawnIds="">
    	
    	<MonsterRequiredLetters>
    		<string>ş</string>
    	</MonsterRequiredLetters>
    	<MonsterAllLetters>
    	</MonsterAllLetters>
    	<Stones>
    		<string spawnId="59">o</string>
    		<string spawnId="79">ç</string>
			<string spawnId="63">t</string>
    		<string spawnId="61">t</string>
    		<string spawnId="78">ç</string>
			<string spawnId="45">ç</string>
			<string spawnId="88">o</string>
			<string spawnId="36">o</string>
			<string spawnId="64">ş</string>
			<string bonusScore="270" spawnId="85">BonusLetter</string>
    	</Stones>
	</Segment>
	<Segment SegmentTime="9" spawnIds="">
		
		<MonsterRequiredLetters>
			<string>t</string>
		</MonsterRequiredLetters>
	  	<MonsterAllLetters>
	  	</MonsterAllLetters>
	  	<Stones>
        	<string spawnId="61">o</string>
        	<string spawnId="78">ç</string>
			<string spawnId="64">j</string>
        	<string spawnId="59">ş</string>
        	<string spawnId="79">j</string>
			<string spawnId="36">ş</string>
			<string spawnId="85">j</string>
			<string spawnId="45">j</string>
			<string spawnId="63">o</string>
			<string spawnId="88">t</string>
      	</Stones>
    </Segment>
	<Segment SegmentTime="9" spawnIds="">
		
      	<MonsterRequiredLetters>
			<string>o</string>
	  	</MonsterRequiredLetters>
	  	<MonsterAllLetters>
	  	</MonsterAllLetters>
	  	<Stones>
			<string spawnId="13">j</string>
	        <string spawnId="6">j</string>
			<string spawnId="23">ş</string>
	        <string spawnId="20">j</string>
			<string spawnId="8">ş</string>
			<string spawnId="9">t</string>
			<string spawnId="14">ş</string>
			<string spawnId="7">ş</string>
			<string spawnId="10">o</string>
			<string bonusScore="270" spawnId="15">BonusLetter</string>
      	</Stones>
	</Segment>
	<Segment SegmentTime="9" spawnIds="">
		
      	<MonsterRequiredLetters>
			<string>j</string>
	  	</MonsterRequiredLetters>
	  	<MonsterAllLetters>
	  	</MonsterAllLetters>
	  	<Stones>
	        <string spawnId="11">t</string>
	        <string spawnId="7">o</string>
			<string spawnId="20">ş</string>
	        <string spawnId="23">ş</string>
			<string spawnId="9">o</string>
			<string spawnId="8">o</string>
			<string spawnId="15">ş</string> 
			<string spawnId="6">o</string>
			<string spawnId="13">ş</string>
			<string spawnId="14">j</string>
      	</Stones>
    </Segment>
	<Segment SegmentTime="9" spawnIds="">
		
      	<MonsterRequiredLetters>
			<string>ç</string>
	  	</MonsterRequiredLetters>
	  	<MonsterAllLetters>
	  	</MonsterAllLetters>
	  	<Stones>
	        <string spawnId="88">ş</string>
	        <string spawnId="93">j</string>
			<string spawnId="17">t</string>
	        <string spawnId="26">j</string>
			<string spawnId="94">j</string>
			<string spawnId="16">o</string>
			<string spawnId="85">ş</string>
			<string spawnId="63">t</string>
			<string spawnId="64">ç</string>
			<string bonusScore="270" spawnId="27">BonusLetter</string>
      	</Stones>
	</Segment>
  </Segments>
</XMLLevel>