<XMLLevel CollectableMonster="" HideCallout="3" LettersGroup="4" SegmentTime="9" StoneType="1" monsterInputType="SoundLetter">
  <Segments>
    <Segment SegmentTime="10" spawnIds="">
    	
    	<MonsterRequiredLetters>
    		<string>z</string>
    	</MonsterRequiredLetters>
    	<MonsterAllLetters>
    	</MonsterAllLetters>
    	<Stones>
    		<string spawnId="1">u</string>
    		<string spawnId="21">u</string>
    		<string spawnId="76">u</string>
			<string spawnId="73">l</string>
			<string spawnId="22">r</string>
			<string spawnId="0">z</string>
    	</Stones>
	</Segment>
	<Segment SegmentTime="10" spawnIds="0,1,21,22,73,76">
		
		<MonsterRequiredLetters>
			<string>l</string>
		</MonsterRequiredLetters>
	  	<MonsterAllLetters>
	  	</MonsterAllLetters>
	  	<Stones>
        	<string>r</string>
        	<string>z</string>
        	<string>u</string>
			<string>n</string>
			<string>n</string>
			<string>l</string>
      	</Stones>
    </Segment>
	<Segment SegmentTime="10" spawnIds="">
		
      	<MonsterRequiredLetters>
			<string>z</string>
	  	</MonsterRequiredLetters>
	  	<MonsterAllLetters>
	  	</MonsterAllLetters>
	  	<Stones>
			<string spawnId="59">u</string>
	        <string spawnId="22">l</string>
	        <string spawnId="61">r</string>
			<string spawnId="18">n</string>
			<string spawnId="21">l</string>
			<string spawnId="19">z</string>
      	</Stones>
	</Segment>
	<Segment SegmentTime="10" spawnIds="18,19,21,22,59,61">
		
      	<MonsterRequiredLetters>
			<string>z</string>
	  	</MonsterRequiredLetters>
	  	<MonsterAllLetters>
	  	</MonsterAllLetters>
	  	<Stones>
	        <string>l</string>
	        <string>n</string>
	        <string>l</string>
			<string>u</string>
			<string>r</string>
			<string>z</string>
      	</Stones>
    </Segment>
	<Segment SegmentTime="10" spawnIds="">
		
      	<MonsterRequiredLetters>
			<string>u</string>
	  	</MonsterRequiredLetters>
	  	<MonsterAllLetters>
	  	</MonsterAllLetters>
	  	<Stones>
	        <string spawnId="4">n</string>
	        <string spawnId="57">l</string>
	        <string spawnId="91">r</string>
			<string spawnId="5">n</string>
			<string spawnId="56">l</string>
			<string spawnId="92">u</string>
      	</Stones>
	</Segment>
  </Segments>
</XMLLevel>