<XMLLevel CollectableMonster="" HideCallout="2" LettersGroup="4" SegmentTime="13" StoneType="2" monsterInputType="Word">
	<Segments>
		<Segment SegmentTime="13" spawnIds="56,57,74,75">
			
			<MonsterRequiredLetters>
				<string>k</string>
				<string>o</string>
			<string>ç</string></MonsterRequiredLetters>
			<MonsterAllLetters>
			</MonsterAllLetters>
			<Stones>
				<string>u</string>
				<string>k</string>
				<string>o</string>
				<string>ç</string>
				<string bonusScore="275" spawnId="60">BonusLetter</string>
			</Stones>
    </Segment>
	<Segment SegmentTime="13" spawnIds="28,78,79,36,45">
		
		<MonsterRequiredLetters>
			<string>o</string>
			<string>j</string>
			<string>e</string>
		</MonsterRequiredLetters>
		<MonsterAllLetters>
		</MonsterAllLetters>
		<Stones>
			<string>n</string>
			<string>n</string>
			<string>o</string>
			<string>j</string>
			<string>e</string>
			<string spawnId="25">MagnetLetter</string>
		</Stones>
    </Segment>
	<Segment SegmentTime="13" spawnIds="11,12,89,90,60">
		
		<MonsterRequiredLetters>
			<string>t</string>
			<string>o</string>
		<string>k</string><string>a</string><string>t</string></MonsterRequiredLetters>
		<MonsterAllLetters>
		</MonsterAllLetters>
		<Stones>
			<string>t</string>
			<string>o</string>
			<string>k</string>
			<string>a</string>
			<string>t</string>
		</Stones>
    </Segment>
	<Segment SegmentTime="13" spawnIds="20,75,74,0,1">
		
		<MonsterRequiredLetters>
			<string>o</string>
			<string>t</string>
			<string>ç</string>
		<string>u</string><string>l</string><string> </string></MonsterRequiredLetters>
		<MonsterAllLetters>
		</MonsterAllLetters>
		<Stones>
			<string>o</string>
			<string>t</string>
			<string>ç</string>
			<string>u</string>
			<string>l</string>
			<string bonusScore="275" spawnId="23">BonusLetter</string>
		</Stones>
	</Segment>
	<Segment SegmentTime="13" spawnIds="95,96,8,9,26">
		
		<MonsterRequiredLetters>
			<string>k</string>
			<string>o</string>
			<string>ş</string>
		</MonsterRequiredLetters>
		<MonsterAllLetters>
		</MonsterAllLetters>
		<Stones>
			<string>u</string>
			<string>r</string>
			<string>k</string>
			<string>o</string>
			<string>ş</string>
			<string spawnId="27">MagnetLetter</string>
		</Stones>
    </Segment>
  </Segments>
</XMLLevel>