<XMLLevel CollectableMonster="" HideCallout="1" LettersGroup="6" SegmentTime="9" StoneType="1" monsterInputType="LetterInWord">
  <Segments>
    <Segment SegmentTime="9" spawnIds="">
      
	  <MonsterRequiredLetters>
		<string>t</string>
	  </MonsterRequiredLetters>
	  <MonsterAllLetters>
		<string>X</string>
		<string>o</string>
		<string>k</string>
	  <string>a</string><string>t</string></MonsterAllLetters>
	  <Stones>
        <string spawnId="65">ş</string>
        <string spawnId="82">ç</string>
        <string spawnId="91">o</string>
		<string spawnId="92">ç</string>
		<string spawnId="83">ç</string>
        <string spawnId="94">o</string>
		<string spawnId="93">ş</string>
		<string spawnId="68">ş</string>
		<string spawnId="72">ş</string>
		<string spawnId="69">t</string>
      </Stones>
    </Segment>
	<Segment SegmentTime="9" spawnIds="">
      
	  <MonsterRequiredLetters>
		<string>o</string>
	  </MonsterRequiredLetters>
	  <MonsterAllLetters>
		<string>X</string>
		<string>j</string>
		<string>e</string>
	  </MonsterAllLetters>
	  <Stones>
        <string spawnId="68">j</string>
        <string spawnId="83">ş</string>
        <string spawnId="92">ç</string>
		<string spawnId="91">ç</string>
		<string spawnId="82">ç</string>
        <string spawnId="93">ş</string>
		<string spawnId="94">t</string>
		<string spawnId="65">j</string>
		<string spawnId="69">t</string>
		<string spawnId="72">o</string>
      </Stones>
    </Segment>
	<Segment SegmentTime="9" spawnIds="">
      
	  <MonsterRequiredLetters>
		<string>ş</string>
	  </MonsterRequiredLetters>
	  <MonsterAllLetters>
		<string>X</string>
		<string>o</string>
		<string>k</string>
	  <string>e</string></MonsterAllLetters>
	  <Stones>
        <string spawnId="88">j</string>
        <string spawnId="93">o</string>
        <string spawnId="67">o</string>
		<string spawnId="85">o</string>
		<string spawnId="45">j</string>
        <string spawnId="66">t</string>
		<string spawnId="59">t</string>
		<string spawnId="94">j</string>
		<string spawnId="36">t</string>
		<string spawnId="61">ş</string>
      </Stones>
    </Segment>
	<Segment SegmentTime="9" spawnIds="">
      
	  <MonsterRequiredLetters>
		<string>t</string>
	  </MonsterRequiredLetters>
	  <MonsterAllLetters>
		<string>X</string>
		<string>o</string>
		<string>k</string>
	  <string>a</string><string>t</string></MonsterAllLetters>
	  <Stones>
        <string spawnId="85">o</string>
        <string spawnId="94">ş</string>
        <string spawnId="66">ş</string>
		<string spawnId="88">o</string>
		<string spawnId="36">o</string>
		<string spawnId="67">j</string>
		<string spawnId="61">ç</string>
		<string spawnId="93">j</string>
		<string spawnId="45">j</string>
		<string spawnId="59">t</string>
      </Stones>
    </Segment>
	<Segment SegmentTime="9" spawnIds="">
      
	  <MonsterRequiredLetters>
		<string>t</string>
	  </MonsterRequiredLetters>
	  <MonsterAllLetters>
		<string>X</string>
		<string>o</string>
		<string>k</string>
	  <string>a</string><string>t</string></MonsterAllLetters>
	  <Stones>
        <string spawnId="88">ç</string>
        <string spawnId="93">ş</string>
        <string spawnId="67">j</string>
		<string spawnId="85">ş</string>
		<string spawnId="45">o</string>
		<string spawnId="66">j</string>
		<string spawnId="59">ç</string>
		<string spawnId="94">o</string>
		<string spawnId="36">ş</string>
		<string spawnId="61">t</string>
      </Stones>
    </Segment>
  </Segments>
</XMLLevel>