<XMLLevel CollectableMonster="" HideCallout="5" LettersGroup="3" SegmentTime="10" StoneType="1" monsterInputType="SoundLetter">
  <Segments>
    <Segment SegmentTime="10" spawnIds="">
    	
    	<MonsterRequiredLetters>
    		<string>c</string>
    	</MonsterRequiredLetters>
    	<MonsterAllLetters>
    	</MonsterAllLetters>
    	<Stones>
    		<string spawnId="69">d</string>
    		<string spawnId="9">i</string>
			<string spawnId="81">k</string>
			<string spawnId="72">i</string>
			<string spawnId="8">i</string>
			<string spawnId="84">c</string>
    	</Stones>
	</Segment>
	<Segment SegmentTime="10" spawnIds="69,9,81,72,8,84">
		
		<MonsterRequiredLetters>
			<string>s</string>
		</MonsterRequiredLetters>
	  	<MonsterAllLetters>
	  	</MonsterAllLetters>
	  	<Stones>
        	<string>d</string>
        	<string>c</string>
			<string>k</string>
        	<string>d</string>
			<string>d</string>
			<string>s</string>
      	</Stones>
    </Segment>
	<Segment SegmentTime="10" spawnIds="">
		
      	<MonsterRequiredLetters>
			<string>s</string>
	  	</MonsterRequiredLetters>
	  	<MonsterAllLetters>
	  	</MonsterAllLetters>
	  	<Stones>
			<string spawnId="89">k</string>
	        <string spawnId="95">d</string>
			<string spawnId="55">k</string>
	        <string spawnId="54">i</string>
			<string spawnId="96">d</string>
			<string spawnId="90">s</string>
      	</Stones>
	</Segment>
	<Segment SegmentTime="10" spawnIds="89,95,55,54,96,90">
		
      	<MonsterRequiredLetters>
			<string>d</string>
	  	</MonsterRequiredLetters>
	  	<MonsterAllLetters>
	  	</MonsterAllLetters>
	  	<Stones>
	        <string>i</string>
	        <string>i</string>
			<string>c</string>
	        <string>k</string>
			<string>k</string>
			<string>d</string>
      	</Stones>
    </Segment>
	<Segment SegmentTime="10" spawnIds="">
		
      	<MonsterRequiredLetters>
			<string>c</string>
	  	</MonsterRequiredLetters>
	  	<MonsterAllLetters>
	  	</MonsterAllLetters>
	  	<Stones>
	        <string spawnId="59">k</string>
	        <string spawnId="6">d</string>
	        <string spawnId="94">s</string>
			<string spawnId="93">s</string>
			<string spawnId="61">i</string>
			<string spawnId="7">c</string>
      	</Stones>
	</Segment>
  </Segments>
</XMLLevel>