<XMLLevel CollectableMonster="" HideCallout="1" LettersGroup="6" SegmentTime="9" StoneType="1" monsterInputType="SoundLetter">
  <Segments>
    <Segment SegmentTime="9" spawnIds="">
    	
    	<MonsterRequiredLetters>
    		<string>ş</string>
    	</MonsterRequiredLetters>
    	<MonsterAllLetters>
    	</MonsterAllLetters>
    	<Stones>
    		<string spawnId="21">t</string>
    		<string spawnId="92">ç</string>
			<string spawnId="89">j</string>
    		<string spawnId="2">t</string>
			<string spawnId="60">ç</string>
			<string spawnId="90">j</string>
			<string spawnId="3">j</string>
			<string spawnId="91">j</string>
			<string spawnId="22">ş</string>
    	</Stones>
	</Segment>
	<Segment SegmentTime="9" spawnIds="">
		
		<MonsterRequiredLetters>
			<string>ç</string>
		</MonsterRequiredLetters>
	  	<MonsterAllLetters>
	  	</MonsterAllLetters>
	  	<Stones>
        	<string spawnId="22">ş</string>
        	<string spawnId="91">ş</string>
			<string spawnId="3">j</string>
        	<string spawnId="90">t</string>
			<string spawnId="60">j</string>
			<string spawnId="2">t</string>
			<string spawnId="89">o</string>
			<string spawnId="92">j</string>
			<string spawnId="21">ç</string>
      	</Stones>
    </Segment>
	<Segment SegmentTime="9" spawnIds="22,91,3,90,60,2,89,92,21">
		
      	<MonsterRequiredLetters>
			<string>t</string>
	  	</MonsterRequiredLetters>
	  	<MonsterAllLetters>
	  	</MonsterAllLetters>
	  	<Stones>
			<string>j</string>
	        <string>j</string>
			<string>j</string>
	        <string>j</string>
			<string>ş</string>
			<string>ş</string>
			<string>j</string>
			<string>o</string>
			<string>t</string>
      	</Stones>
	</Segment>
	<Segment SegmentTime="9" spawnIds="22,91,3,90,60,2,89,92,21">
		
      	<MonsterRequiredLetters>
			<string>o</string>
	  	</MonsterRequiredLetters>
	  	<MonsterAllLetters>
	  	</MonsterAllLetters>
	  	<Stones>
	        <string>ş</string>
	        <string>t</string>
			<string>ş</string>
			<string>t</string>
			<string>ş</string>
			<string>j</string>
			<string>ç</string>
			<string>ç</string>
			<string>o</string>
      	</Stones>
    </Segment>
	<Segment SegmentTime="9" spawnIds="22,91,3,90,60,2,89,92,21">
		
      	<MonsterRequiredLetters>
			<string>j</string>
	  	</MonsterRequiredLetters>
	  	<MonsterAllLetters>
	  	</MonsterAllLetters>
	  	<Stones>
	        <string>ş</string>
	        <string>ş</string>
			<string>o</string>
			<string>ş</string>
			<string>o</string>
			<string>t</string>
			<string>t</string>
			<string>ç</string>
			<string>j</string>
      	</Stones>
	</Segment>
  </Segments>
</XMLLevel>