<XMLLevel CollectableMonster="" HideCallout="2" LettersGroup="4" SegmentTime="12" StoneType="1" monsterInputType="Word">
	<Segments>
		<Segment SegmentTime="12" spawnIds="64,6,7,78,79">
			
			<MonsterRequiredLetters>
				<string>j</string>
				<string>o</string>
				<string>k</string>
			<string>e</string><string>r</string></MonsterRequiredLetters>
			<MonsterAllLetters>
			</MonsterAllLetters>
			<Stones>
				<string>j</string>
				<string>o</string>
				<string>k</string>
				<string>e</string>
				<string>r</string>
				<string spawnId="63">MagnetLetter</string>
			</Stones>
    </Segment>
	<Segment SegmentTime="12" spawnIds="90,55,96,91,93">
		
		<MonsterRequiredLetters>
			<string>j</string>
			<string>o</string>
			<string>k</string>
		<string>e</string><string>r</string></MonsterRequiredLetters>
		<MonsterAllLetters>
		</MonsterAllLetters>
		<Stones>
			<string>j</string>
			<string>o</string>
			<string>k</string>
			<string>e</string>
			<string>r</string>
		</Stones>
    </Segment>
	<Segment SegmentTime="12" spawnIds="6,77,80,62,58">
		
		<MonsterRequiredLetters>
			<string>j</string>
			<string>o</string>
			<string>k</string>
		<string>e</string><string>r</string></MonsterRequiredLetters>
		<MonsterAllLetters>
		</MonsterAllLetters>
		<Stones>
			<string>j</string>
			<string>o</string>
			<string>k</string>
			<string>e</string>
			<string>r</string>
			<string bonusScore="275" spawnId="7">BonusLetter</string>
		</Stones>
    </Segment>
	<Segment SegmentTime="12" spawnIds="6,77,80,62,58">
		
		<MonsterRequiredLetters>
			<string>k</string>
			<string>o</string>
			<string>ç</string>
		</MonsterRequiredLetters>
		<MonsterAllLetters>
		</MonsterAllLetters>
		<Stones>
			<string>l</string>
			<string>z</string>
			<string>k</string>       
			<string>o</string>
			<string>ç</string>
			<string spawnId="7">MagnetLetter</string>
		</Stones>
	</Segment>
	<Segment SegmentTime="12" spawnIds="90,55,96,91,93">
		
		<MonsterRequiredLetters>
			<string>k</string>
			<string>o</string>
			<string>ç</string>
		</MonsterRequiredLetters>
		<MonsterAllLetters>
		</MonsterAllLetters>
		<Stones>
			<string>u</string>
			<string>n</string>
			<string>k</string>
			<string>o</string>
			<string>ç</string>
		</Stones>
    </Segment>
  </Segments>
</XMLLevel>