<XMLLevel CollectableMonster="" HideCallout="-1" LettersGroup="2" SegmentTime="11" StoneType="1" monsterInputType="Letter">
  <Segments>
    <Segment SegmentTime="11" spawnIds="">
    	
    	<MonsterRequiredLetters>
    		<string>y</string>
    	</MonsterRequiredLetters>
    	<MonsterAllLetters>
    	</MonsterAllLetters>
    	<Stones>
    		<string spawnId="21">f</string>
    		<string spawnId="5">f</string>
    		<string spawnId="22">f</string>
			<string spawnId="73">v</string>
			<string spawnId="4">e</string>
			<string spawnId="76">y</string>
			<string bonusScore="200" spawnId="60">BonusLetter</string>
    	</Stones>
	</Segment>
	<Segment SegmentTime="11" spawnIds="">
		
		<MonsterRequiredLetters>
			<string>y</string>
		</MonsterRequiredLetters>
	  	<MonsterAllLetters>
	  	</MonsterAllLetters>
	  	<Stones>
        	<string spawnId="21">g</string>
        	<string spawnId="5">f</string>
        	<string spawnId="22">g</string>
			<string spawnId="73">v</string>
			<string spawnId="4">f</string>
			<string spawnId="76">y</string>
			<string spawnId="60">MagnetLetter</string>
      	</Stones>
    </Segment>
	<Segment SegmentTime="11" spawnIds="">
		
      	<MonsterRequiredLetters>
			<string>g</string>
	  	</MonsterRequiredLetters>
	  	<MonsterAllLetters>
	  	</MonsterAllLetters>
	  	<Stones>
			<string spawnId="25">y</string>
	        <string spawnId="64">v</string>
	        <string spawnId="28">e</string>
			<string spawnId="63">e</string>
			<string spawnId="91">y</string>
			<string spawnId="92">g</string>
			<string bonusScore="200" spawnId="60">BonusLetter</string>
      	</Stones>
	</Segment>
	<Segment SegmentTime="11" spawnIds="">
		
      	<MonsterRequiredLetters>
			<string>f</string>
	  	</MonsterRequiredLetters>
	  	<MonsterAllLetters>
	  	</MonsterAllLetters>
	  	<Stones>
	        <string spawnId="25">e</string>
	        <string spawnId="64">e</string>
	        <string spawnId="28">y</string>
			<string spawnId="63">g</string>
			<string spawnId="91">y</string>
			<string spawnId="92">f</string>
			<string spawnId="60">MagnetLetter</string>
      	</Stones>
    </Segment>
	<Segment SegmentTime="11" spawnIds="">
		
      	<MonsterRequiredLetters>
			<string>e</string>
	  	</MonsterRequiredLetters>
	  	<MonsterAllLetters>
	  	</MonsterAllLetters>
	  	<Stones>
	        <string spawnId="57">f</string>
	        <string spawnId="56">f</string>
	        <string spawnId="54">g</string>
			<string spawnId="55">e</string>
			<string bonusScore="125" spawnId="70">BonusLetter</string>
			<string bonusScore="125" spawnId="71">BonusLetter</string>
      	</Stones>
	</Segment>
  </Segments>
</XMLLevel>