<XMLLevel CollectableMonster="Ice" HideCallout="-1" LettersGroup="2" SegmentTime="11" StoneType="1" monsterInputType="LetterInWord">
  <Segments>
    <Segment SegmentTime="11" spawnIds="">
      
	  <MonsterRequiredLetters>
		<string>e</string>
	  </MonsterRequiredLetters>
	  <MonsterAllLetters>
		<string>X</string>
		<string>g</string>
		<string>z</string>
	  <string>e</string><string>r</string><string>s</string><string>i</string><string>z</string></MonsterAllLetters>
	  <Stones>
        <string spawnId="67">y</string>
        <string spawnId="66">g</string>
        <string spawnId="21">f</string>
		<string spawnId="22">f</string>
		<string spawnId="91">y</string>
        <string spawnId="92">e</string>
      </Stones>
    </Segment>
	<Segment SegmentTime="11" spawnIds="">
      
	  <MonsterRequiredLetters>
		<string>g</string>
	  </MonsterRequiredLetters>
	  <MonsterAllLetters>
		<string>X</string>
		<string>e</string>
		<string>v</string>
	  <string>e</string><string>z</string><string>e</string></MonsterAllLetters>
	  <Stones>
        <string spawnId="19">f</string>
        <string spawnId="18">y</string>
        <string spawnId="11">v</string>
		<string spawnId="71">f</string>
		<string spawnId="70">v</string>
        <string spawnId="12">g</string>
      </Stones>
    </Segment>
	<Segment SegmentTime="11" spawnIds="59,61,93,94,45,36">
      
	  <MonsterRequiredLetters>
		<string>y</string>
	  </MonsterRequiredLetters>
	  <MonsterAllLetters>
		<string>X</string>
		<string>e</string>
		<string>m</string>
	  <string>e</string><string>k</string></MonsterAllLetters>
	  <Stones>
        <string>v</string>
        <string>v</string>
        <string>f</string>
		<string>f</string>
		<string>e</string>
        <string>y</string>
      </Stones>
    </Segment>
	<Segment SegmentTime="11" spawnIds="59,61,93,94,45,36">
      
	  <MonsterRequiredLetters>
		<string>v</string>
	  </MonsterRequiredLetters>
	  <MonsterAllLetters>
		<string>X</string>
		<string>e</string>
		<string>t</string>
	  <string>e</string><string>r</string><string>i</string><string>n</string><string>e</string><string>r</string></MonsterAllLetters>
	  <Stones>
        <string>f</string>
        <string>g</string>
        <string>f</string>
		<string>e</string>
		<string>f</string>
		<string>v</string>
      </Stones>
    </Segment>
	<Segment SegmentTime="11" spawnIds="60,82,83,54,55,70,71">
      
	  <MonsterRequiredLetters>
		<string>f</string>
	  </MonsterRequiredLetters>
	  <MonsterAllLetters>
		<string>X</string>
		<string>e</string>
		<string>d</string>
	  <string>a</string></MonsterAllLetters>
	  <Stones>
        <string>e</string>
        <string>v</string>
        <string>e</string>
		<string>y</string>
		<string>g</string>
		<string>f</string>
		<string bonusScore="250">BonusLetter</string>
      </Stones>
    </Segment>
  </Segments>
</XMLLevel>