<XMLLevel CollectableMonster="" HideCallout="2" LettersGroup="4" SegmentTime="10" StoneType="2" monsterInputType="LetterInWord">
  <Segments>
    <Segment SegmentTime="10" spawnIds="54,55,82,83">
      
	  <MonsterRequiredLetters>
		<string>z</string>
	  </MonsterRequiredLetters>
	  <MonsterAllLetters>
		<string>X</string>
		<string>u</string>
	  <string>r</string><string>n</string><string>a</string></MonsterAllLetters>
	  <Stones>
        <string>n</string>
        <string>r</string>
        <string>l</string>
		<string>z</string>
      </Stones>
    </Segment>
	<Segment SegmentTime="10" spawnIds="">
      
	  <MonsterRequiredLetters>
		<string>r</string>
	  </MonsterRequiredLetters>
	  <MonsterAllLetters>
		<string>X</string>
		<string>u</string>
		<string>l</string>
	  <string>o</string></MonsterAllLetters>
	  <Stones>
        <string spawnId="54">n</string>
        <string spawnId="82">l</string>
        <string spawnId="55">l</string>
		<string spawnId="83">r</string>
      </Stones>
    </Segment>
	<Segment SegmentTime="10" spawnIds="0,1,91,92">
      
	  <MonsterRequiredLetters>
		<string>l</string>
	  </MonsterRequiredLetters>
	  <MonsterAllLetters>
		<string>X</string>
		<string>u</string>
	  <string>r</string><string>n</string><string>a</string></MonsterAllLetters>
	  <Stones>
        <string>z</string>
        <string>u</string>
        <string>r</string>
		<string>l</string>
      </Stones>
    </Segment>
	<Segment SegmentTime="10" spawnIds="">
      
	  <MonsterRequiredLetters>
		<string>u</string>
	  </MonsterRequiredLetters>
	  <MonsterAllLetters>
		<string>X</string>
		<string>r</string>
		<string> </string>
	  <string> </string></MonsterAllLetters>
	  <Stones>
        <string spawnId="0">n</string>
        <string spawnId="91">l</string>
        <string spawnId="1">l</string>
		<string spawnId="92">u</string>
      </Stones>
    </Segment>
	<Segment SegmentTime="10" spawnIds="94,93,61,59">
      
	  <MonsterRequiredLetters>
		<string>r</string>
	  </MonsterRequiredLetters>
	  <MonsterAllLetters>
		<string>X</string>
		<string>u</string>
		<string>l</string>
	  <string>o</string></MonsterAllLetters>
	  <Stones>
        <string>l</string>
        <string>z</string>
        <string>n</string>
		<string>r</string>
      </Stones>
    </Segment>
  </Segments>
</XMLLevel>