<XMLLevel CollectableMonster="Larva" HideCallout="5" LettersGroup="3" SegmentTime="10" StoneType="1" monsterInputType="Letter">
  <Segments>
    <Segment SegmentTime="10" spawnIds="">
    	
    	<MonsterRequiredLetters>
    		<string>k</string>
    	</MonsterRequiredLetters>
    	<MonsterAllLetters>
    	</MonsterAllLetters>
    	<Stones>
    		<string spawnId="73">d</string>
    		<string spawnId="27">s</string>
    		<string spawnId="21">s</string>
			<string spawnId="76">d</string>
			<string spawnId="22">d</string>
			<string spawnId="26">k</string>
    	</Stones>
	</Segment>
	<Segment SegmentTime="10" spawnIds="73,27,21,76,22,26">
		
		<MonsterRequiredLetters>
			<string>i</string>
		</MonsterRequiredLetters>
	  	<MonsterAllLetters>
	  	</MonsterAllLetters>
	  	<Stones>
        	<string>c</string>
        	<string>d</string>
        	<string>s</string>
			<string>d</string>
			<string>k</string>
			<string>i</string>
      	</Stones>
    </Segment>
	<Segment SegmentTime="10" spawnIds="">
		
      	<MonsterRequiredLetters>
			<string>k</string>
	  	</MonsterRequiredLetters>
	  	<MonsterAllLetters>
	  	</MonsterAllLetters>
	  	<Stones>
			<string spawnId="73">s</string>
	        <string spawnId="76">d</string>
	        <string delayIn="0" delayRepet="0" loop="true" spawnId="66,82,66" speed="150">d</string>
			<string spawnId="20">i</string>
			<string delayIn="0" delayRepet="0" loop="true" spawnId="83,67,83" speed="150">d</string>
			<string spawnId="23">d</string>
			<string spawnId="15">k</string>
			<string bonusScore="275" spawnId="14">BonusLetter</string>
      	</Stones>
	</Segment>
	<Segment SegmentTime="10" spawnIds="73,27,21,76,22,26">
		
      	<MonsterRequiredLetters>
			<string>c</string>
	  	</MonsterRequiredLetters>
	  	<MonsterAllLetters>
	  	</MonsterAllLetters>
	  	<Stones>
	        <string>k</string>
	        <string>k</string>
	        <string>d</string>
			<string>s</string>
			<string>k</string>
			<string>c</string>
      	</Stones>
    </Segment>
	<Segment SegmentTime="10" spawnIds="">
		
      	<MonsterRequiredLetters>
			<string>s</string>
	  	</MonsterRequiredLetters>
	  	<MonsterAllLetters>
	  	</MonsterAllLetters>
	  	<Stones>
	        <string spawnId="28">i</string>
	        <string spawnId="25">d</string>
	        <string bonusScore="275" delayIn="0" delayRepet="0" loop="true" spawnId="94,93,94" speed="150">BonusLetter</string>
			<string spawnId="5">s</string>
			<string bonusScore="275" delayIn="0" delayRepet="0" loop="true" spawnId="36,45,36" speed="150">BonusLetter</string>
			</Stones>
	</Segment>
  </Segments>
</XMLLevel>