<XMLLevel CollectableMonster="" HideCallout="1" LettersGroup="6" SegmentTime="9" StoneType="2" monsterInputType="LetterInWord">
  <Segments>
    <Segment SegmentTime="9" spawnIds="">
      
	  <MonsterRequiredLetters>
		<string>j</string>
	  </MonsterRequiredLetters>
	  <MonsterAllLetters>
		<string>X</string>
		<string>o</string>
		<string>k</string>
	  <string>e</string><string>r</string></MonsterAllLetters>
	  <Stones>
        <string spawnId="79">t</string>
        <string spawnId="78">ş</string>
        <string spawnId="87">ş</string>
		<string spawnId="86">ş</string>
		<string spawnId="60">j</string>
      </Stones>
    </Segment>
	<Segment SegmentTime="9" spawnIds="">
      
	  <MonsterRequiredLetters>
		<string>t</string>
	  </MonsterRequiredLetters>
	  <MonsterAllLetters>
		<string>X</string>
		<string>o</string>
		<string>k</string>
		<string>a</string>
	  <string>t</string></MonsterAllLetters>
	  <Stones>
        <string spawnId="87">j</string>
        <string spawnId="86">ç</string>
        <string spawnId="78">o</string>
		<string spawnId="79">t</string>
      </Stones>
    </Segment>
	<Segment SegmentTime="9" spawnIds="">
      
	  <MonsterRequiredLetters>
		<string>j</string>
	  </MonsterRequiredLetters>
	  <MonsterAllLetters>
		<string>X</string>
		<string>o</string>
		<string>k</string>
	  <string>e</string><string>r</string></MonsterAllLetters>
	  <Stones>
        <string spawnId="17">ç</string>
        <string spawnId="93">ş</string>
        <string spawnId="94">ş</string>
		<string spawnId="16">j</string>
      </Stones>
    </Segment>
	<Segment SegmentTime="9" spawnIds="">
      
	  <MonsterRequiredLetters>
		<string>o</string>
	  </MonsterRequiredLetters>
	  <MonsterAllLetters>
		<string>X</string>
		<string>j</string>
		<string>e</string>
	  </MonsterAllLetters>
	  <Stones>
        <string spawnId="7">j</string>
        <string spawnId="78">j</string>
        <string spawnId="79">ç</string>
		<string spawnId="6">o</string>
      </Stones>
    </Segment>
	<Segment SegmentTime="9" spawnIds="">
      
	  <MonsterRequiredLetters>
		<string>o</string>
	  </MonsterRequiredLetters>
	  <MonsterAllLetters>
		<string>X</string>
		<string>t</string>
		<string>ç</string>
		<string>u</string>
	  <string>l</string><string> </string></MonsterAllLetters>
	  <Stones>
        <string spawnId="20">ş</string>
        <string spawnId="23">j</string>
        <string spawnId="74">ç</string>
		<string spawnId="75">o</string>
      </Stones>
    </Segment>
  </Segments>
</XMLLevel>