<XMLLevel CollectableMonster="Knight" HideCallout="3" LettersGroup="4" SegmentTime="10" StoneType="1" monsterInputType="Letter">
  <Segments>
    <Segment SegmentTime="10" spawnIds="">
    	
    	<MonsterRequiredLetters>
    		<string>n</string>
    	</MonsterRequiredLetters>
    	<MonsterAllLetters>
    	</MonsterAllLetters>
    	<Stones>
    		<string spawnId="5">u</string>
    		<string spawnId="21">r</string>
			<string spawnId="86">l</string>
			<string spawnId="75">r</string>
			<string spawnId="4">r</string>
			<string spawnId="87">u</string>
			<string spawnId="22">r</string>
			<string spawnId="74">z</string>
			<string spawnId="60">n</string>
    	</Stones>
	</Segment>
	<Segment SegmentTime="10" spawnIds="">
		
		<MonsterRequiredLetters>
			<string>l</string>
		</MonsterRequiredLetters>
	  	<MonsterAllLetters>
	  	</MonsterAllLetters>
	  	<Stones>
        	<string spawnId="95">u</string>
        	<string spawnId="12">z</string>
        	<string spawnId="54">r</string>
        	<string spawnId="96">n</string>
			<string spawnId="69">n</string>
			<string spawnId="55">r</string>
			<string spawnId="11">u</string>
			<string spawnId="72">l</string>
      	</Stones>
    </Segment>
	<Segment SegmentTime="10" spawnIds="4,5,21,22,60,74,75,86,87">
		
      	<MonsterRequiredLetters>
			<string>n</string>
	  	</MonsterRequiredLetters>
	  	<MonsterAllLetters>
	  	</MonsterAllLetters>
	  	<Stones>
			<string>u</string>
	        <string>r</string>
			<string>r</string>
	        <string>l</string>
			<string>l</string>
			<string>z</string>
			<string>r</string>
			<string>r</string>
			<string>n</string>
      	</Stones>
	</Segment>
	<Segment SegmentTime="10" spawnIds="">
		
      	<MonsterRequiredLetters>
			<string>r</string>
	  	</MonsterRequiredLetters>
	  	<MonsterAllLetters>
	  	</MonsterAllLetters>
	  	<Stones>
	        <string spawnId="73">z</string>
	        <string spawnId="76">n</string>
	        <string spawnId="89">n</string>
			<string spawnId="90">z</string>
			<string spawnId="93">z</string>
			<string spawnId="94">r</string>
			<string spawnId="74">Shield</string>
			<string bonusScore="275" spawnId="75">BonusLetter</string>
      	</Stones>
    </Segment>
	<Segment SegmentTime="10" spawnIds="">
		
      	<MonsterRequiredLetters>
			<string>u</string>
	  	</MonsterRequiredLetters>
	  	<MonsterAllLetters>
	  	</MonsterAllLetters>
	  	<Stones>
	        <string spawnId="60">z</string>
	        <string spawnId="74">n</string>
			<string spawnId="22">r</string>
	        <string spawnId="87">z</string>
			<string spawnId="4">l</string>
			<string spawnId="75">r</string>
			<string spawnId="86">r</string>
			<string spawnId="21">n</string>
			<string spawnId="5">u</string>
      	</Stones>
	</Segment>
  </Segments>
</XMLLevel>