<XMLLevel CollectableMonster="" HideCallout="4" LettersGroup="3" SegmentTime="10" StoneType="2" monsterInputType="LetterInWord">
  <Segments>
    <Segment SegmentTime="10" spawnIds="">
      
	  <MonsterRequiredLetters>
		<string>c</string>
	  </MonsterRequiredLetters>
	  <MonsterAllLetters>
		<string>X</string>
		<string>i</string>
	  <string>m</string><string>n</string><string>a</string><string>s</string><string>t</string><string>i</string><string>k</string></MonsterAllLetters>
	  <Stones>
        <string spawnId="14">d</string>
        <string spawnId="74">s</string>
		<string spawnId="20">c</string>
      </Stones>
    </Segment>
	<Segment SegmentTime="10" spawnIds="">
      
	  <MonsterRequiredLetters>
		<string>i</string>
	  </MonsterRequiredLetters>
	  <MonsterAllLetters>
		<string>X</string>
		<string>d</string>
	  <string>r</string><string>a</string><string>r</string></MonsterAllLetters>
	  <Stones>
        <string spawnId="15">d</string>
        <string spawnId="75">k</string>
        <string spawnId="23">i</string>
      </Stones>
    </Segment>
	<Segment SegmentTime="10" spawnIds="">
      
	  <MonsterRequiredLetters>
		<string>c</string>
	  </MonsterRequiredLetters>
	  <MonsterAllLetters>
		<string>X</string>
		<string>i</string>
	  <string>m</string><string>n</string><string>a</string><string>s</string><string>t</string><string>i</string><string>k</string></MonsterAllLetters>
	  <Stones>
        <string spawnId="28">s</string>
        <string spawnId="94">k</string>
		<string spawnId="45">c</string>
      </Stones>
    </Segment>
	<Segment SegmentTime="10" spawnIds="">
      
	  <MonsterRequiredLetters>
		<string>k</string>
	  </MonsterRequiredLetters>
	  <MonsterAllLetters>
		<string>X</string>
		<string>i</string>
		<string>b</string>
	  <string>a</string><string>r</string></MonsterAllLetters>
	  <Stones>
        <string spawnId="25">i</string>
        <string spawnId="93">c</string>
		<string spawnId="36">k</string>
      </Stones>
    </Segment>
	<Segment SegmentTime="10" spawnIds="">
      
	  <MonsterRequiredLetters>
		<string>d</string>
	  </MonsterRequiredLetters>
	  <MonsterAllLetters>
		<string>X</string>
		<string>i</string>
	  <string>k</string><string>e</string><string>n</string></MonsterAllLetters>
	  <Stones>
        <string spawnId="78">i</string>
        <string spawnId="60">s</string>
		<string spawnId="79">d</string>
      </Stones>
    </Segment>
  </Segments>
</XMLLevel>