<XMLLevel CollectableMonster="" HideCallout="4" LettersGroup="3" SegmentTime="10" StoneType="1" monsterInputType="LetterInWord">
  <Segments>
    <Segment SegmentTime="10" spawnIds="59,64,78,17,16,79,63,61">
      
	  <MonsterRequiredLetters>
		<string>d</string>
	  </MonsterRequiredLetters>
	  <MonsterAllLetters>
		<string>X</string>
		<string>i</string>
		<string>k</string>
	  <string>e</string><string>n</string></MonsterAllLetters>
	  <Stones>
        <string>k</string>
        <string>i</string>
        <string>c</string>
		<string>i</string>
		<string>c</string>
        <string>k</string>
		<string>c</string>
		<string>d</string>
      </Stones>
    </Segment>
	<Segment SegmentTime="10" spawnIds="59,64,78,17,16,79,63,61">
      
	  <MonsterRequiredLetters>
		<string>d</string>
	  </MonsterRequiredLetters>
	  <MonsterAllLetters>
		<string>X</string>
		<string>i</string>
		<string>k</string>
	  <string>e</string><string>n</string></MonsterAllLetters>
	  <Stones>
        <string>k</string>
        <string>k</string>
        <string>s</string>
		<string>k</string>
		<string>c</string>
        <string>c</string>
		<string>s</string>
		<string>d</string>
      </Stones>
    </Segment>
	<Segment SegmentTime="10" spawnIds="">
      
	  <MonsterRequiredLetters>
		<string>k</string>
	  </MonsterRequiredLetters>
	  <MonsterAllLetters>
		<string>X</string>
		<string>i</string>
		<string>b</string>
	  <string>a</string><string>r</string></MonsterAllLetters>
	  <Stones>
        <string spawnId="69">s</string>
        <string spawnId="84">d</string>
        <string delayIn="0" delayRepet="0" loop="true" spawnId="11,86,11" speed="150">d</string>
		<string spawnId="81">c</string>
		<string delayIn="0" delayRepet="0" loop="true" spawnId="87,12,87" speed="150">d</string>
        <string spawnId="72">i</string>
		<string spawnId="19">k</string>
		<string bonusScore="275" spawnId="18">BonusLetter</string>
      </Stones>
    </Segment>
	<Segment SegmentTime="10" spawnIds="59,64,78,17,16,79,63,61">
      
	  <MonsterRequiredLetters>
		<string>d</string>
	  </MonsterRequiredLetters>
	  <MonsterAllLetters>
		<string>X</string>
		<string>i</string>
		<string>k</string>
	  <string>e</string><string>n</string></MonsterAllLetters>
	  <Stones>
        <string>k</string>
        <string>i</string>
        <string>k</string>
		<string>k</string>
		<string>i</string>
		<string>s</string>
		<string>s</string>
		<string>d</string>
      </Stones>
    </Segment>
	<Segment SegmentTime="10" spawnIds="59,64,78,17,16,79,63,61">
      
	  <MonsterRequiredLetters>
		<string>c</string>
	  </MonsterRequiredLetters>
	  <MonsterAllLetters>
		<string>X</string>
		<string>i</string>
		<string>m</string>
	  <string>n</string><string>a</string><string>s</string><string>t</string><string>i</string><string>k</string></MonsterAllLetters>
	  <Stones>
        <string>i</string>
        <string>i</string>
        <string>i</string>
		<string>s</string>
		<string>s</string>
		<string>k</string>
		<string>i</string>
		<string>c</string>
      </Stones>
    </Segment>
  </Segments>
</XMLLevel>