<XMLLevel CollectableMonster="" HideCallout="3" LettersGroup="4" SegmentTime="10" StoneType="1" monsterInputType="SoundLetter">
  <Segments>
    <Segment SegmentTime="10" spawnIds="">
    	
    	<MonsterRequiredLetters>
    		<string>n</string>
    	</MonsterRequiredLetters>
    	<MonsterAllLetters>
    	</MonsterAllLetters>
    	<Stones>
    		<string spawnId="69">r</string>
    		<string spawnId="84">z</string>
    		<string spawnId="8">u</string>
			<string spawnId="72">u</string>
			<string spawnId="81">l</string>
			<string spawnId="9">n</string>
    	</Stones>
	</Segment>
	<Segment SegmentTime="10" spawnIds="69,84,8,72,81,9">
		
		<MonsterRequiredLetters>
			<string>u</string>
		</MonsterRequiredLetters>
	  	<MonsterAllLetters>
	  	</MonsterAllLetters>
	  	<Stones>
        	<string>l</string>
        	<string>l</string>
        	<string>n</string>
			<string>n</string>
			<string>l</string>
			<string>u</string>
      	</Stones>
    </Segment>
	<Segment SegmentTime="10" spawnIds="">
		
      	<MonsterRequiredLetters>
			<string>z</string>
	  	</MonsterRequiredLetters>
	  	<MonsterAllLetters>
	  	</MonsterAllLetters>
	  	<Stones>
			<string spawnId="90">r</string>
	        <string spawnId="95">n</string>
	        <string spawnId="55">l</string>
			<string spawnId="89">n</string>
			<string spawnId="96">n</string>
			<string spawnId="54">z</string>
      	</Stones>
	</Segment>
	<Segment SegmentTime="10" spawnIds="90,95,55,89,96,54">
		
      	<MonsterRequiredLetters>
			<string>r</string>
	  	</MonsterRequiredLetters>
	  	<MonsterAllLetters>
	  	</MonsterAllLetters>
	  	<Stones>
	        <string>u</string>
	        <string>z</string>
	        <string>l</string>
			<string>u</string>
			<string>l</string>
			<string>r</string>
      	</Stones>
    </Segment>
	<Segment SegmentTime="10" spawnIds="">
		
      	<MonsterRequiredLetters>
			<string>r</string>
	  	</MonsterRequiredLetters>
	  	<MonsterAllLetters>
	  	</MonsterAllLetters>
	  	<Stones>
	        <string spawnId="87">z</string>
	        <string spawnId="74">n</string>
	        <string spawnId="57">l</string>
			<string spawnId="86">n</string>
			<string spawnId="75">n</string>
			<string spawnId="56">r</string>
      	</Stones>
	</Segment>
  </Segments>
</XMLLevel>