<XMLLevel CollectableMonster="" HideCallout="-1" LettersGroup="2" SegmentTime="11" StoneType="1" monsterInputType="SoundLetter">
  <Segments>
    <Segment SegmentTime="11" spawnIds="">
    	
    	<MonsterRequiredLetters>
    		<string>g</string>
    	</MonsterRequiredLetters>
    	<MonsterAllLetters>
    	</MonsterAllLetters>
    	<Stones>
    		<string spawnId="84">y</string>
    		<string spawnId="54">f</string>
    		<string spawnId="55">e</string>
			<string spawnId="81">g</string>
    	</Stones>
	</Segment>
	<Segment SegmentTime="11" spawnIds="">
		
		<MonsterRequiredLetters>
			<string>y</string>
		</MonsterRequiredLetters>
	  	<MonsterAllLetters>
	  	</MonsterAllLetters>
	  	<Stones>
        	<string spawnId="82">f</string>
        	<string spawnId="8">f</string>
        	<string spawnId="83">e</string>
			<string spawnId="9">y</string>
      	</Stones>
    </Segment>
	<Segment SegmentTime="11" spawnIds="">
		
      	<MonsterRequiredLetters>
			<string>v</string>
	  	</MonsterRequiredLetters>
	  	<MonsterAllLetters>
	  	</MonsterAllLetters>
	  	<Stones>
			<string spawnId="23">y</string>
	        <string spawnId="74">g</string>
	        <string spawnId="75">f</string>
			<string spawnId="20">v</string>
      	</Stones>
	</Segment>
	<Segment SegmentTime="11" spawnIds="">
		
      	<MonsterRequiredLetters>
			<string>y</string>
	  	</MonsterRequiredLetters>
	  	<MonsterAllLetters>
	  	</MonsterAllLetters>
	  	<Stones>
	        <string spawnId="3">g</string>
	        <string spawnId="70">v</string>
	        <string spawnId="71">g</string>
			<string spawnId="2">y</string>
      	</Stones>
    </Segment>
	<Segment SegmentTime="11" spawnIds="">
		
      	<MonsterRequiredLetters>
			<string>g</string>
	  	</MonsterRequiredLetters>
	  	<MonsterAllLetters>
	  	</MonsterAllLetters>
	  	<Stones>
	        <string spawnId="89">f</string>
	        <string spawnId="96">e</string>
	        <string spawnId="95">v</string>
			<string spawnId="90">g</string>
	        <string bonusScore="125" spawnId="18">BonusLetter</string>
			<string bonusScore="125" spawnId="19">BonusLetter</string>
      	</Stones>
	</Segment>
  </Segments>
</XMLLevel>