<XMLLevel CollectableMonster="" HideCallout="1" LettersGroup="5" SegmentTime="9" StoneType="1" monsterInputType="LetterInWord">
  <Segments>
    <Segment SegmentTime="9" spawnIds="">
      
	  <MonsterRequiredLetters>
		<string>ç</string>
	  </MonsterRequiredLetters>
	  <MonsterAllLetters>
		<string>X</string>
		<string>o</string>
		<string>c</string>
	  <string>u</string><string>k</string></MonsterAllLetters>
	  <Stones>
        <string spawnId="4">t</string>
        <string spawnId="74">o</string>
        <string spawnId="87">o</string>
		<string spawnId="23">t</string>
		<string spawnId="60">ş</string>
		<string spawnId="5">t</string>
		<string spawnId="86">ş</string>
		<string spawnId="20">j</string>
		<string spawnId="75">ç</string>
      </Stones>
    </Segment>
	<Segment SegmentTime="9" spawnIds="">
      
	  <MonsterRequiredLetters>
		<string>ş</string>
	  </MonsterRequiredLetters>
	  <MonsterAllLetters>
		<string>X</string>
		<string>o</string>
		<string>k</string>
	  <string>e</string></MonsterAllLetters>
	  <Stones>
        <string spawnId="71">t</string>
        <string spawnId="70">t</string>
        <string spawnId="76">o</string>
		<string spawnId="88">t</string>
		<string spawnId="21">o</string>
		<string spawnId="3">o</string>
		<string spawnId="85">j</string>
		<string spawnId="22">ç</string>
		<string spawnId="73">o</string>
		<string spawnId="2">ş</string>
      </Stones>
    </Segment>
	<Segment SegmentTime="9" spawnIds="4,74,87,23,60,5,86,20,75">
      
	  <MonsterRequiredLetters>
		<string>o</string>
	  </MonsterRequiredLetters>
	  <MonsterAllLetters>
		<string>X</string>
		<string>j</string>
		<string>e</string>
	  </MonsterAllLetters>
	  <Stones>
        <string>ş</string>
        <string>ş</string>
        <string>t</string>
		<string>ç</string>
		<string>j</string>
		<string>ş</string>
		<string>ç</string>
		<string>t</string>
		<string>o</string>
      </Stones>
    </Segment>
	<Segment SegmentTime="9" spawnIds="4,74,87,23,60,5,86,20,75">
      
	  <MonsterRequiredLetters>
		<string>t</string>
	  </MonsterRequiredLetters>
	  <MonsterAllLetters>
		<string>X</string>
		<string>o</string>
		<string>k</string>
	  <string>a</string><string>t</string></MonsterAllLetters>
	  <Stones>
        <string>j</string>
        <string>ş</string>
        <string>o</string>
		<string>ç</string>
		<string>ç</string>
		<string>ş</string>
		<string>ş</string>
		<string>ş</string>
		<string>t</string>
      </Stones>
    </Segment>
	<Segment SegmentTime="9" spawnIds="">
      
	  <MonsterRequiredLetters>
		<string>ç</string>
	  </MonsterRequiredLetters>
	  <MonsterAllLetters>
		<string>X</string>
		<string>o</string>
		<string>c</string>
	  <string>u</string><string>k</string></MonsterAllLetters>
	  <Stones>
        <string spawnId="71">o</string>
        <string spawnId="70">o</string>
        <string spawnId="76">o</string>
		<string spawnId="88">t</string>
		<string spawnId="21">j</string>
		<string spawnId="3">t</string>
		<string spawnId="85">o</string>
		<string spawnId="22">j</string>
		<string spawnId="73">ş</string>
		<string spawnId="2">ç</string>
      </Stones>
    </Segment>
  </Segments>
</XMLLevel>